
> rest-express@1.0.0 check
> tsc

backend/src/modules/cost-management/lcm.service.ts(5,31): error TS2307: Cannot find module '../../procurement/entities/receipt-header.entity' or its corresponding type declarations.
backend/src/modules/procurement/purchase-order.service.ts(31,5): error TS2740: Type 'PurchaseOrder[]' is missing the following properties from type 'PurchaseOrder': id, poNumber, supplier, supplierSite, and 5 more.
backend/src/modules/procurement/requisition.service.ts(45,44): error TS2339: Property 'quantity' does not exist on type 'RequisitionLine[]'.
backend/src/modules/procurement/requisition.service.ts(45,73): error TS2339: Property 'unitPrice' does not exist on type 'RequisitionLine[]'.
backend/src/modules/procurement/requisition.service.ts(49,9): error TS2322: Type 'RequisitionLine[][]' is not assignable to type 'RequisitionLine[]'.
  Type 'RequisitionLine[]' is missing the following properties from type 'RequisitionLine': id, header, description, quantity, and 3 more.
backend/src/modules/procurement/requisition.service.ts(77,59): error TS2554: Expected 2-3 arguments, but got 1.
backend/src/modules/procurement/requisition.service.ts(83,13): error TS18047: 'approvalResult' is possibly 'null'.
backend/src/modules/procurement/requisition.service.ts(83,28): error TS2339: Property 'action' does not exist on type 'string'.
backend/src/modules/procurement/requisition.service.ts(91,37): error TS18047: 'approvalResult' is possibly 'null'.
backend/src/modules/procurement/requisition.service.ts(91,52): error TS2339: Property 'approverId' does not exist on type 'string'.
backend/src/modules/procurement/requisition.service.ts(92,93): error TS18047: 'approvalResult' is possibly 'null'.
backend/src/modules/procurement/requisition.service.ts(92,108): error TS2339: Property 'approverId' does not exist on type 'string'.
backend/src/modules/procurement/supplier.service.ts(22,9): error TS2740: Type 'Supplier[]' is missing the following properties from type 'Supplier': id, supplierNumber, supplierName, active, and 4 more.
backend/src/modules/procurement/supplier.service.ts(76,9): error TS2740: Type 'SupplierSite[]' is missing the following properties from type 'SupplierSite': id, siteName, isPurchasing, isPay, and 3 more.
client/src/components/ap/ApInvoiceList.tsx(36,63): error TS2339: Property 'status' does not exist on type 'ApInvoiceWithRelations'.
client/src/components/fixed-assets/AddAssetDialog.tsx(41,13): error TS2353: Object literal may only specify known properties, and 'originalCost' does not exist in type 'AsyncDefaultValues<{ description: string; categoryId: string; assetNumber: string; id?: string | undefined; createdAt?: Date | null | undefined; status?: string | null | undefined; parentId?: string | null | undefined; ... 6 more ...; lastVerifiedAt?: Date | ... 1 more ... | undefined; }> | { ...; }'.
client/src/components/fixed-assets/AddAssetDialog.tsx(78,18): error TS2339: Property 'recoverableCost' does not exist on type '{ description: string; categoryId: string; assetNumber: string; id?: string | undefined; createdAt?: Date | null | undefined; status?: string | null | undefined; parentId?: string | null | undefined; ... 6 more ...; lastVerifiedAt?: Date | ... 1 more ... | undefined; }'.
client/src/components/fixed-assets/AddAssetDialog.tsx(78,51): error TS2339: Property 'recoverableCost' does not exist on type '{ description: string; categoryId: string; assetNumber: string; id?: string | undefined; createdAt?: Date | null | undefined; status?: string | null | undefined; parentId?: string | null | undefined; ... 6 more ...; lastVerifiedAt?: Date | ... 1 more ... | undefined; }'.
client/src/components/fixed-assets/AddAssetDialog.tsx(79,18): error TS2339: Property 'recoverableCost' does not exist on type '{ description: string; categoryId: string; assetNumber: string; id?: string | undefined; createdAt?: Date | null | undefined; status?: string | null | undefined; parentId?: string | null | undefined; ... 6 more ...; lastVerifiedAt?: Date | ... 1 more ... | undefined; }'.
client/src/components/fixed-assets/AddAssetDialog.tsx(79,41): error TS2339: Property 'originalCost' does not exist on type '{ description: string; categoryId: string; assetNumber: string; id?: string | undefined; createdAt?: Date | null | undefined; status?: string | null | undefined; parentId?: string | null | undefined; ... 6 more ...; lastVerifiedAt?: Date | ... 1 more ... | undefined; }'.
client/src/components/fixed-assets/AddAssetDialog.tsx(101,55): error TS2345: Argument of type '(data: { description: string; categoryId: string; assetNumber: string; id?: string | undefined; createdAt?: Date | null | undefined; status?: string | null | undefined; parentId?: string | null | undefined; ... 6 more ...; lastVerifiedAt?: Date | ... 1 more ... | undefined; }) => void' is not assignable to parameter of type 'SubmitHandler<TFieldValues>'.
  Types of parameters 'data' and 'data' are incompatible.
    Type 'TFieldValues' is not assignable to type '{ description: string; categoryId: string; assetNumber: string; id?: string | undefined; createdAt?: Date | null | undefined; status?: string | null | undefined; parentId?: string | null | undefined; ... 6 more ...; lastVerifiedAt?: Date | ... 1 more ... | undefined; }'.
      Type 'FieldValues' is missing the following properties from type '{ description: string; categoryId: string; assetNumber: string; id?: string | undefined; createdAt?: Date | null | undefined; status?: string | null | undefined; parentId?: string | null | undefined; ... 6 more ...; lastVerifiedAt?: Date | ... 1 more ... | undefined; }': description, categoryId, assetNumber
client/src/components/fixed-assets/AddAssetDialog.tsx(104,29): error TS2322: Type 'Control<{ description: string; categoryId: string; assetNumber: string; id?: string | undefined; createdAt?: Date | null | undefined; status?: string | null | undefined; parentId?: string | null | undefined; ... 6 more ...; lastVerifiedAt?: Date | ... 1 more ... | undefined; }, any, TFieldValues>' is not assignable to type 'Control<{ description: string; categoryId: string; assetNumber: string; id?: string | undefined; createdAt?: Date | null | undefined; status?: string | null | undefined; parentId?: string | null | undefined; ... 6 more ...; lastVerifiedAt?: Date | ... 1 more ... | undefined; }, any, { ...; }>'.
  The types of '_options.resolver' are incompatible between these types.
    Type 'Resolver<{ description: string; categoryId: string; assetNumber: string; id?: string | undefined; createdAt?: Date | null | undefined; status?: string | null | undefined; parentId?: string | null | undefined; ... 6 more ...; lastVerifiedAt?: Date | ... 1 more ... | undefined; }, any, TFieldValues> | undefined' is not assignable to type 'Resolver<{ description: string; categoryId: string; assetNumber: string; id?: string | undefined; createdAt?: Date | null | undefined; status?: string | null | undefined; parentId?: string | null | undefined; ... 6 more ...; lastVerifiedAt?: Date | ... 1 more ... | undefined; }, any, { ...; }> | undefined'.
      Type 'Resolver<{ description: string; categoryId: string; assetNumber: string; id?: string | undefined; createdAt?: Date | null | undefined; status?: string | null | undefined; parentId?: string | null | undefined; ... 6 more ...; lastVerifiedAt?: Date | ... 1 more ... | undefined; }, any, TFieldValues>' is not assignable to type 'Resolver<{ description: string; categoryId: string; assetNumber: string; id?: string | undefined; createdAt?: Date | null | undefined; status?: string | null | undefined; parentId?: string | null | undefined; ... 6 more ...; lastVerifiedAt?: Date | ... 1 more ... | undefined; }, any, { ...; }>'.
        Type 'TFieldValues' is not assignable to type '{ description: string; categoryId: string; assetNumber: string; id?: string | undefined; createdAt?: Date | null | undefined; status?: string | null | undefined; parentId?: string | null | undefined; ... 6 more ...; lastVerifiedAt?: Date | ... 1 more ... | undefined; }'.
          Type 'FieldValues' is missing the following properties from type '{ description: string; categoryId: string; assetNumber: string; id?: string | undefined; createdAt?: Date | null | undefined; status?: string | null | undefined; parentId?: string | null | undefined; ... 6 more ...; lastVerifiedAt?: Date | ... 1 more ... | undefined; }': description, categoryId, assetNumber
client/src/components/fixed-assets/AddAssetDialog.tsx(118,29): error TS2322: Type 'Control<{ description: string; categoryId: string; assetNumber: string; id?: string | undefined; createdAt?: Date | null | undefined; status?: string | null | undefined; parentId?: string | null | undefined; ... 6 more ...; lastVerifiedAt?: Date | ... 1 more ... | undefined; }, any, TFieldValues>' is not assignable to type 'Control<{ description: string; categoryId: string; assetNumber: string; id?: string | undefined; createdAt?: Date | null | undefined; status?: string | null | undefined; parentId?: string | null | undefined; ... 6 more ...; lastVerifiedAt?: Date | ... 1 more ... | undefined; }, any, { ...; }>'.
  The types of '_options.resolver' are incompatible between these types.
    Type 'Resolver<{ description: string; categoryId: string; assetNumber: string; id?: string | undefined; createdAt?: Date | null | undefined; status?: string | null | undefined; parentId?: string | null | undefined; ... 6 more ...; lastVerifiedAt?: Date | ... 1 more ... | undefined; }, any, TFieldValues> | undefined' is not assignable to type 'Resolver<{ description: string; categoryId: string; assetNumber: string; id?: string | undefined; createdAt?: Date | null | undefined; status?: string | null | undefined; parentId?: string | null | undefined; ... 6 more ...; lastVerifiedAt?: Date | ... 1 more ... | undefined; }, any, { ...; }> | undefined'.
      Type 'Resolver<{ description: string; categoryId: string; assetNumber: string; id?: string | undefined; createdAt?: Date | null | undefined; status?: string | null | undefined; parentId?: string | null | undefined; ... 6 more ...; lastVerifiedAt?: Date | ... 1 more ... | undefined; }, any, TFieldValues>' is not assignable to type 'Resolver<{ description: string; categoryId: string; assetNumber: string; id?: string | undefined; createdAt?: Date | null | undefined; status?: string | null | undefined; parentId?: string | null | undefined; ... 6 more ...; lastVerifiedAt?: Date | ... 1 more ... | undefined; }, any, { ...; }>'.
        Type 'TFieldValues' is not assignable to type '{ description: string; categoryId: string; assetNumber: string; id?: string | undefined; createdAt?: Date | null | undefined; status?: string | null | undefined; parentId?: string | null | undefined; ... 6 more ...; lastVerifiedAt?: Date | ... 1 more ... | undefined; }'.
          Type 'FieldValues' is missing the following properties from type '{ description: string; categoryId: string; assetNumber: string; id?: string | undefined; createdAt?: Date | null | undefined; status?: string | null | undefined; parentId?: string | null | undefined; ... 6 more ...; lastVerifiedAt?: Date | ... 1 more ... | undefined; }': description, categoryId, assetNumber
client/src/components/fixed-assets/AddAssetDialog.tsx(133,33): error TS2322: Type 'Control<{ description: string; categoryId: string; assetNumber: string; id?: string | undefined; createdAt?: Date | null | undefined; status?: string | null | undefined; parentId?: string | null | undefined; ... 6 more ...; lastVerifiedAt?: Date | ... 1 more ... | undefined; }, any, TFieldValues>' is not assignable to type 'Control<{ description: string; categoryId: string; assetNumber: string; id?: string | undefined; createdAt?: Date | null | undefined; status?: string | null | undefined; parentId?: string | null | undefined; ... 6 more ...; lastVerifiedAt?: Date | ... 1 more ... | undefined; }, any, { ...; }>'.
  The types of '_options.resolver' are incompatible between these types.
    Type 'Resolver<{ description: string; categoryId: string; assetNumber: string; id?: string | undefined; createdAt?: Date | null | undefined; status?: string | null | undefined; parentId?: string | null | undefined; ... 6 more ...; lastVerifiedAt?: Date | ... 1 more ... | undefined; }, any, TFieldValues> | undefined' is not assignable to type 'Resolver<{ description: string; categoryId: string; assetNumber: string; id?: string | undefined; createdAt?: Date | null | undefined; status?: string | null | undefined; parentId?: string | null | undefined; ... 6 more ...; lastVerifiedAt?: Date | ... 1 more ... | undefined; }, any, { ...; }> | undefined'.
      Type 'Resolver<{ description: string; categoryId: string; assetNumber: string; id?: string | undefined; createdAt?: Date | null | undefined; status?: string | null | undefined; parentId?: string | null | undefined; ... 6 more ...; lastVerifiedAt?: Date | ... 1 more ... | undefined; }, any, TFieldValues>' is not assignable to type 'Resolver<{ description: string; categoryId: string; assetNumber: string; id?: string | undefined; createdAt?: Date | null | undefined; status?: string | null | undefined; parentId?: string | null | undefined; ... 6 more ...; lastVerifiedAt?: Date | ... 1 more ... | undefined; }, any, { ...; }>'.
        Type 'TFieldValues' is not assignable to type '{ description: string; categoryId: string; assetNumber: string; id?: string | undefined; createdAt?: Date | null | undefined; status?: string | null | undefined; parentId?: string | null | undefined; ... 6 more ...; lastVerifiedAt?: Date | ... 1 more ... | undefined; }'.
          Type 'FieldValues' is missing the following properties from type '{ description: string; categoryId: string; assetNumber: string; id?: string | undefined; createdAt?: Date | null | undefined; status?: string | null | undefined; parentId?: string | null | undefined; ... 6 more ...; lastVerifiedAt?: Date | ... 1 more ... | undefined; }': description, categoryId, assetNumber
client/src/components/fixed-assets/AddAssetDialog.tsx(134,33): error TS2322: Type '"originalCost"' is not assignable to type '"id" | "createdAt" | "status" | "description" | "parentId" | "serialNumber" | "categoryId" | "assetNumber" | "tagNumber" | "manufacturer" | "model" | "leaseId" | "qrCode" | "lastVerifiedAt"'.
client/src/components/fixed-assets/AddAssetDialog.tsx(139,46): error TS2322: Type '{ onChange: (...event: any[]) => void; onBlur: Noop; value: string | Date | null | undefined; disabled?: boolean | undefined; name: "id" | "createdAt" | "status" | "description" | ... 9 more ... | "lastVerifiedAt"; ref: RefCallBack; type: "number"; }' is not assignable to type 'Omit<DetailedHTMLProps<InputHTMLAttributes<HTMLInputElement>, HTMLInputElement>, "ref">'.
  Types of property 'value' are incompatible.
    Type 'string | Date | null | undefined' is not assignable to type 'string | number | readonly string[] | undefined'.
      Type 'null' is not assignable to type 'string | number | readonly string[] | undefined'.
client/src/components/fixed-assets/AddAssetDialog.tsx(146,33): error TS2322: Type 'Control<{ description: string; categoryId: string; assetNumber: string; id?: string | undefined; createdAt?: Date | null | undefined; status?: string | null | undefined; parentId?: string | null | undefined; ... 6 more ...; lastVerifiedAt?: Date | ... 1 more ... | undefined; }, any, TFieldValues>' is not assignable to type 'Control<{ description: string; categoryId: string; assetNumber: string; id?: string | undefined; createdAt?: Date | null | undefined; status?: string | null | undefined; parentId?: string | null | undefined; ... 6 more ...; lastVerifiedAt?: Date | ... 1 more ... | undefined; }, any, { ...; }>'.
  The types of '_options.resolver' are incompatible between these types.
    Type 'Resolver<{ description: string; categoryId: string; assetNumber: string; id?: string | undefined; createdAt?: Date | null | undefined; status?: string | null | undefined; parentId?: string | null | undefined; ... 6 more ...; lastVerifiedAt?: Date | ... 1 more ... | undefined; }, any, TFieldValues> | undefined' is not assignable to type 'Resolver<{ description: string; categoryId: string; assetNumber: string; id?: string | undefined; createdAt?: Date | null | undefined; status?: string | null | undefined; parentId?: string | null | undefined; ... 6 more ...; lastVerifiedAt?: Date | ... 1 more ... | undefined; }, any, { ...; }> | undefined'.
      Type 'Resolver<{ description: string; categoryId: string; assetNumber: string; id?: string | undefined; createdAt?: Date | null | undefined; status?: string | null | undefined; parentId?: string | null | undefined; ... 6 more ...; lastVerifiedAt?: Date | ... 1 more ... | undefined; }, any, TFieldValues>' is not assignable to type 'Resolver<{ description: string; categoryId: string; assetNumber: string; id?: string | undefined; createdAt?: Date | null | undefined; status?: string | null | undefined; parentId?: string | null | undefined; ... 6 more ...; lastVerifiedAt?: Date | ... 1 more ... | undefined; }, any, { ...; }>'.
        Type 'TFieldValues' is not assignable to type '{ description: string; categoryId: string; assetNumber: string; id?: string | undefined; createdAt?: Date | null | undefined; status?: string | null | undefined; parentId?: string | null | undefined; ... 6 more ...; lastVerifiedAt?: Date | ... 1 more ... | undefined; }'.
          Type 'FieldValues' is missing the following properties from type '{ description: string; categoryId: string; assetNumber: string; id?: string | undefined; createdAt?: Date | null | undefined; status?: string | null | undefined; parentId?: string | null | undefined; ... 6 more ...; lastVerifiedAt?: Date | ... 1 more ... | undefined; }': description, categoryId, assetNumber
client/src/components/fixed-assets/AddAssetDialog.tsx(147,33): error TS2322: Type '"lifeYears"' is not assignable to type '"id" | "createdAt" | "status" | "description" | "parentId" | "serialNumber" | "categoryId" | "assetNumber" | "tagNumber" | "manufacturer" | "model" | "leaseId" | "qrCode" | "lastVerifiedAt"'.
client/src/components/fixed-assets/AddAssetDialog.tsx(152,46): error TS2322: Type '{ onChange: (e: ChangeEvent<HTMLInputElement>) => void; onBlur: Noop; value: string | Date | null | undefined; disabled?: boolean | undefined; name: "id" | ... 12 more ... | "lastVerifiedAt"; ref: RefCallBack; type: "number"; }' is not assignable to type 'Omit<DetailedHTMLProps<InputHTMLAttributes<HTMLInputElement>, HTMLInputElement>, "ref">'.
  Types of property 'value' are incompatible.
    Type 'string | Date | null | undefined' is not assignable to type 'string | number | readonly string[] | undefined'.
      Type 'null' is not assignable to type 'string | number | readonly string[] | undefined'.
client/src/components/maintenance/DispatchConsole.tsx(106,83): error TS2339: Property 'map' does not exist on type '{}'.
client/src/components/maintenance/DispatchConsole.tsx(115,92): error TS2304: Cannot find name 'assignMutation'.
client/src/components/maintenance/DispatchConsole.tsx(116,80): error TS2304: Cannot find name 'handleAssign'.
client/src/components/maintenance/DispatchConsole.tsx(153,101): error TS2339: Property 'map' does not exist on type '{}'.
client/src/components/maintenance/DispatchConsole.tsx(181,85): error TS2339: Property 'filter' does not exist on type '{}'.
client/src/components/ppm/BillingWorkbench.tsx(179,33): error TS2322: Type '{ columns: Column<any>[]; data: any; isLoading: boolean; pageSize: number; emptyMessage: string; }' is not assignable to type 'IntrinsicAttributes & StandardTableProps<any>'.
  Property 'emptyMessage' does not exist on type 'IntrinsicAttributes & StandardTableProps<any>'.
client/src/components/procurement/ContractWorkbench.tsx(260,49): error TS2322: Type 'unknown' is not assignable to type 'ReactNode'.
client/src/components/procurement/ProcurementDashboard.tsx(67,44): error TS2769: No overload matches this call.
  Overload 1 of 2, '(props: Props): YAxis', gave the following error.
    Type '{ prefix: string; fontSize: number; }' is not assignable to type 'IntrinsicAttributes & IntrinsicClassAttributes<YAxis> & Pick<Readonly<Props>, "string" | "id" | ... 274 more ... | "AxisComp"> & InexactPartial<...> & InexactPartial<...>'.
      Property 'prefix' does not exist on type 'IntrinsicAttributes & IntrinsicClassAttributes<YAxis> & Pick<Readonly<Props>, "string" | "id" | ... 274 more ... | "AxisComp"> & InexactPartial<...> & InexactPartial<...>'. Did you mean 'refX'?
  Overload 2 of 2, '(props: Props, context: any): YAxis', gave the following error.
    Type '{ prefix: string; fontSize: number; }' is not assignable to type 'IntrinsicAttributes & IntrinsicClassAttributes<YAxis> & Pick<Readonly<Props>, "string" | "id" | ... 274 more ... | "AxisComp"> & InexactPartial<...> & InexactPartial<...>'.
      Property 'prefix' does not exist on type 'IntrinsicAttributes & IntrinsicClassAttributes<YAxis> & Pick<Readonly<Props>, "string" | "id" | ... 274 more ... | "AxisComp"> & InexactPartial<...> & InexactPartial<...>'. Did you mean 'refX'?
client/src/components/procurement/SupplierManager.tsx(59,13): error TS2322: Type '(id: any, row: any) => Element' is not assignable to type '(item: any) => ReactNode'.
  Target signature provides too few arguments. Expected 2 or more, but got 1.
client/src/components/procurement/SupplierManager.tsx(59,20): error TS7006: Parameter 'id' implicitly has an 'any' type.
client/src/components/procurement/SupplierManager.tsx(59,24): error TS7006: Parameter 'row' implicitly has an 'any' type.
client/src/components/procurement/SupplierOnboardingWorkbench.tsx(76,44): error TS2339: Property 'length' does not exist on type '{}'.
client/src/components/procurement/SupplierOnboardingWorkbench.tsx(83,47): error TS2339: Property 'map' does not exist on type '{}'.
client/src/components/procurement/SupplierSiteManager.tsx(84,13): error TS2322: Type '(val: any, row: any) => Element' is not assignable to type '(item: any) => ReactNode'.
  Target signature provides too few arguments. Expected 2 or more, but got 1.
client/src/components/procurement/SupplierSiteManager.tsx(84,20): error TS7006: Parameter 'val' implicitly has an 'any' type.
client/src/components/procurement/SupplierSiteManager.tsx(84,25): error TS7006: Parameter 'row' implicitly has an 'any' type.
client/src/components/transportation/LogisticsInsightsCard.tsx(45,24): error TS2322: Type '"premium"' is not assignable to type '"default" | "destructive" | "outline" | "secondary" | null | undefined'.
client/src/components/transportation/MilestoneTimeline.tsx(71,44): error TS2322: Type '"warning"' is not assignable to type '"default" | "destructive" | "outline" | "secondary" | null | undefined'.
client/src/components/treasury/CashForecastDashboard.tsx(93,42): error TS2769: No overload matches this call.
  Overload 1 of 2, '(props: Props): Bar', gave the following error.
    Type '{ nam: string; dataKey: string; stackId: string; fill: string; radius: [number, number, number, number]; }' is not assignable to type 'IntrinsicAttributes & IntrinsicClassAttributes<Bar> & Pick<Readonly<Props>, "string" | "id" | "name" | ... 491 more ... | "yAxis"> & InexactPartial<...> & InexactPartial<...>'.
      Property 'nam' does not exist on type 'IntrinsicAttributes & IntrinsicClassAttributes<Bar> & Pick<Readonly<Props>, "string" | "id" | "name" | ... 491 more ... | "yAxis"> & InexactPartial<...> & InexactPartial<...>'. Did you mean 'name'?
  Overload 2 of 2, '(props: Props, context: any): Bar', gave the following error.
    Type '{ nam: string; dataKey: string; stackId: string; fill: string; radius: [number, number, number, number]; }' is not assignable to type 'IntrinsicAttributes & IntrinsicClassAttributes<Bar> & Pick<Readonly<Props>, "string" | "id" | "name" | ... 491 more ... | "yAxis"> & InexactPartial<...> & InexactPartial<...>'.
      Property 'nam' does not exist on type 'IntrinsicAttributes & IntrinsicClassAttributes<Bar> & Pick<Readonly<Props>, "string" | "id" | "name" | ... 491 more ... | "yAxis"> & InexactPartial<...> & InexactPartial<...>'. Did you mean 'name'?
client/src/components/treasury/DealEntrySheet.tsx(114,29): error TS2322: Type '"counterpartyId"' is not assignable to type '"type" | "status" | "currency" | "startDate" | "termMonths" | "interestRate" | "dealNumber" | "subType" | "principalAmount" | "interestType"'.
client/src/components/treasury/DealEntrySheet.tsx(118,76): error TS2322: Type 'string | number' is not assignable to type 'string | undefined'.
  Type 'number' is not assignable to type 'string'.
client/src/components/treasury/FxDealEntry.tsx(4,43): error TS2724: '"@shared/schema"' has no exported member named 'InsertTreasuryFxDeal'. Did you mean 'TreasuryFxDeal'?
client/src/components/treasury/PaymentTransmissionHub.tsx(92,48): error TS2322: Type '"success" | "destructive" | "secondary"' is not assignable to type '"default" | "destructive" | "outline" | "secondary" | null | undefined'.
  Type '"success"' is not assignable to type '"default" | "destructive" | "outline" | "secondary" | null | undefined'.
client/src/pages/billing/BillingProfileManager.tsx(210,22): error TS2304: Cannot find name 'StandardTable'.
client/src/pages/billing/BillingProfileManager.tsx(236,40): error TS7006: Parameter 'item' implicitly has an 'any' type.
client/src/pages/billing/BillingProfileManager.tsx(238,38): error TS7006: Parameter 'item' implicitly has an 'any' type.
client/src/pages/billing/BillingRulesManager.tsx(132,41): error TS2322: Type 'string | null | undefined' is not assignable to type 'string | undefined'.
  Type 'null' is not assignable to type 'string | undefined'.
client/src/pages/billing/BillingWorkbench.tsx(95,51): error TS2322: Type '{}' is not assignable to type 'ReactNode'.
client/src/pages/billing/SubscriptionWorkbench.tsx(117,29): error TS1117: An object literal cannot have multiple properties with the same name.
client/src/pages/billing/SubscriptionWorkbench.tsx(118,29): error TS1117: An object literal cannot have multiple properties with the same name.
client/src/pages/billing/SubscriptionWorkbench.tsx(119,29): error TS1117: An object literal cannot have multiple properties with the same name.
client/src/pages/BillingPlans.tsx(36,7): error TS2322: Type '{ children: Element; title: string; subtitle: string; }' is not assignable to type 'IntrinsicAttributes & StandardPageProps'.
  Property 'subtitle' does not exist on type 'IntrinsicAttributes & StandardPageProps'.
client/src/pages/crm/CaseDetail.tsx(186,30): error TS2304: Cannot find name 'BookOpen'.
client/src/pages/crm/CaseDetail.tsx(191,53): error TS2304: Cannot find name 'currentCase'.
client/src/pages/EnvironmentManagement.tsx(144,7): error TS2322: Type '{ children: Element; title: string; subtitle: string; }' is not assignable to type 'IntrinsicAttributes & StandardPageProps'.
  Property 'subtitle' does not exist on type 'IntrinsicAttributes & StandardPageProps'.
client/src/pages/EnvironmentManagement.tsx(233,11): error TS2322: Type 'EnvironmentVariable[]' is not assignable to type 'CellContext<EnvironmentVariable, unknown>[]'.
  Type 'EnvironmentVariable' is missing the following properties from type 'CellContext<EnvironmentVariable, unknown>': cell, column, getValue, renderValue, and 2 more.
client/src/pages/EnvironmentManagement.tsx(234,11): error TS2322: Type 'ColumnDef<EnvironmentVariable>[]' is not assignable to type 'Column<CellContext<EnvironmentVariable, unknown>>[]'.
  Type 'ColumnDef<EnvironmentVariable>' is not assignable to type 'Column<CellContext<EnvironmentVariable, unknown>>'.
    Type 'ColumnDefBase<EnvironmentVariable, unknown> & StringHeaderIdentifier' is not assignable to type 'Column<CellContext<EnvironmentVariable, unknown>>'.
      Types of property 'cell' are incompatible.
        Type 'ColumnDefTemplate<CellContext<EnvironmentVariable, unknown>> | undefined' is not assignable to type '((item: CellContext<EnvironmentVariable, unknown>) => ReactNode) | undefined'.
          Type 'string' is not assignable to type '(item: CellContext<EnvironmentVariable, unknown>) => ReactNode'.
client/src/pages/EnvironmentManagement.tsx(235,40): error TS2339: Property 'id' does not exist on type 'CellContext<EnvironmentVariable, unknown>'.
client/src/pages/EnvironmentManagement.tsx(236,11): error TS2322: Type '"key"' is not assignable to type 'keyof CellContext<EnvironmentVariable, unknown> | undefined'.
client/src/pages/JournalEntries.tsx(93,63): error TS2339: Property 'accountingDate' does not exist on type '{ id: string; createdAt: Date | null; status: string | null; description: string | null; approvalStatus: string | null; batchId: string | null; currencyCode: string; periodId: string | null; ... 6 more ...; postedDate: Date | null; }'.
client/src/pages/JournalEntries.tsx(105,81): error TS2339: Property 'category' does not exist on type '{ id: string; createdAt: Date | null; status: string | null; description: string | null; approvalStatus: string | null; batchId: string | null; currencyCode: string; periodId: string | null; ... 6 more ...; postedDate: Date | null; }'.
client/src/pages/JournalEntries.tsx(116,26): error TS2339: Property 'totalDebit' does not exist on type '{ id: string; createdAt: Date | null; status: string | null; description: string | null; approvalStatus: string | null; batchId: string | null; currencyCode: string; periodId: string | null; ... 6 more ...; postedDate: Date | null; }'.
client/src/pages/JournalEntries.tsx(126,38): error TS2345: Argument of type 'string | null' is not assignable to parameter of type 'string'.
  Type 'null' is not assignable to type 'string'.
client/src/pages/maintenance/Asset360View.tsx(47,35): error TS18048: 'asset.healthScore' is possibly 'undefined'.
client/src/pages/manufacturing/VarianceAnalysis.tsx(198,29): error TS2322: Type '{ columns: Column<{ id: string; createdAt: Date | null; description: string | null; amount: string; productionOrderId: string; transactionDate: Date | null; varianceType: string; glPosted: boolean | null; }>[]; ... 4 more ...; itemsPerPage: number; }' is not assignable to type 'IntrinsicAttributes & StandardTableProps<{ id: string; createdAt: Date | null; description: string | null; amount: string; productionOrderId: string; transactionDate: Date | null; varianceType: string; glPosted: boolean | null; }>'.
  Property 'itemsPerPage' does not exist on type 'IntrinsicAttributes & StandardTableProps<{ id: string; createdAt: Date | null; description: string | null; amount: string; productionOrderId: string; transactionDate: Date | null; varianceType: string; glPosted: boolean | null; }>'.
client/src/pages/manufacturing/WIPDashboard.tsx(142,29): error TS2322: Type '{ columns: Column<{ id: string; balance: string | null; lastUpdated: Date | null; productionOrderId: string; costElementId: string; }>[]; data: { id: string; balance: string | null; lastUpdated: Date | null; productionOrderId: string; costElementId: string; }[]; page: number; onPageChange: Dispatch<...>; totalItems:...' is not assignable to type 'IntrinsicAttributes & StandardTableProps<{ id: string; balance: string | null; lastUpdated: Date | null; productionOrderId: string; costElementId: string; }>'.
  Property 'itemsPerPage' does not exist on type 'IntrinsicAttributes & StandardTableProps<{ id: string; balance: string | null; lastUpdated: Date | null; productionOrderId: string; costElementId: string; }>'.
client/src/pages/PatientManagement.tsx(101,7): error TS2322: Type '{ children: Element; title: string; subtitle: string; actions: Element; }' is not assignable to type 'IntrinsicAttributes & StandardPageProps'.
  Property 'subtitle' does not exist on type 'IntrinsicAttributes & StandardPageProps'.
client/src/pages/procurement/ProcurementDashboard.tsx(121,37): error TS2769: No overload matches this call.
  Overload 1 of 2, '(props: Props): YAxis', gave the following error.
    Type '{ prefix: string; fontSize: number; tickLine: false; axisLine: false; tickFormatter: (value: any) => string; }' is not assignable to type 'IntrinsicAttributes & IntrinsicClassAttributes<YAxis> & Pick<Readonly<Props>, "string" | "id" | ... 274 more ... | "AxisComp"> & InexactPartial<...> & InexactPartial<...>'.
      Property 'prefix' does not exist on type 'IntrinsicAttributes & IntrinsicClassAttributes<YAxis> & Pick<Readonly<Props>, "string" | "id" | ... 274 more ... | "AxisComp"> & InexactPartial<...> & InexactPartial<...>'. Did you mean 'refX'?
  Overload 2 of 2, '(props: Props, context: any): YAxis', gave the following error.
    Type '{ prefix: string; fontSize: number; tickLine: false; axisLine: false; tickFormatter: (value: any) => string; }' is not assignable to type 'IntrinsicAttributes & IntrinsicClassAttributes<YAxis> & Pick<Readonly<Props>, "string" | "id" | ... 274 more ... | "AxisComp"> & InexactPartial<...> & InexactPartial<...>'.
      Property 'prefix' does not exist on type 'IntrinsicAttributes & IntrinsicClassAttributes<YAxis> & Pick<Readonly<Props>, "string" | "id" | ... 274 more ... | "AxisComp"> & InexactPartial<...> & InexactPartial<...>'. Did you mean 'refX'?
client/src/pages/procurement/PurchaseOrderList.tsx(105,13): error TS2322: Type '{ children: Element; title: string; subtitle: string; actions: Element; }' is not assignable to type 'IntrinsicAttributes & StandardPageProps'.
  Property 'subtitle' does not exist on type 'IntrinsicAttributes & StandardPageProps'.
client/src/pages/procurement/RequisitionBoard.tsx(98,13): error TS2322: Type '{ children: Element; title: string; subtitle: string; actions: Element; }' is not assignable to type 'IntrinsicAttributes & StandardPageProps'.
  Property 'subtitle' does not exist on type 'IntrinsicAttributes & StandardPageProps'.
client/src/pages/RetailDashboard.tsx(39,65): error TS2353: Object literal may only specify known properties, and 'direction' does not exist in type '{ value: number; label: string; positive: boolean; }'.
client/src/pages/RetailProductCatalog.tsx(72,9): error TS2322: Type 'ColumnDef<any>[]' is not assignable to type 'Column<CellContext<any, unknown>>[]'.
  Type 'ColumnDef<any>' is not assignable to type 'Column<CellContext<any, unknown>>'.
    Type 'ColumnDefBase<any, unknown> & StringHeaderIdentifier' is not assignable to type 'Column<CellContext<any, unknown>>'.
      Types of property 'cell' are incompatible.
        Type 'ColumnDefTemplate<CellContext<any, unknown>> | undefined' is not assignable to type '((item: CellContext<any, unknown>) => ReactNode) | undefined'.
          Type 'string' is not assignable to type '(item: CellContext<any, unknown>) => ReactNode'.
client/src/pages/RetailProductCatalog.tsx(74,9): error TS2322: Type '"name"' is not assignable to type 'keyof CellContext<any, unknown> | undefined'.
client/src/pages/RevenueSourceEvents.tsx(23,15): error TS2724: '"@shared/schema/revenue"' has no exported member named 'RevenueSourceEvent'. Did you mean 'revenueSourceEvents'?
client/src/pages/StudentManagement.tsx(51,7): error TS2322: Type '{ children: Element; title: string; subtitle: string; actions: Element; }' is not assignable to type 'IntrinsicAttributes & StandardPageProps'.
  Property 'subtitle' does not exist on type 'IntrinsicAttributes & StandardPageProps'.
client/src/pages/SupplierCollaborationPortal.tsx(65,14): error TS2304: Cannot find name 'FileText'.
client/src/pages/transportation/CarrierManager.tsx(42,25): error TS2322: Type '"xs"' is not assignable to type '"default" | "icon" | "sm" | "lg" | null | undefined'.
client/src/pages/transportation/CarrierManager.tsx(54,25): error TS2322: Type '"premium"' is not assignable to type '"link" | "default" | "destructive" | "outline" | "secondary" | "ghost" | null | undefined'.
client/src/pages/transportation/CarrierManager.tsx(108,25): error TS2322: Type '({ header: string; accessorKey: string; cell?: undefined; id?: undefined; } | { header: string; accessorKey: string; cell: (info: any) => Element; id?: undefined; } | { id: string; cell: () => Element; header?: undefined; accessorKey?: undefined; })[]' is not assignable to type 'Column<any>[]'.
  Type '{ header: string; accessorKey: string; cell?: undefined; id?: undefined; } | { header: string; accessorKey: string; cell: (info: any) => Element; id?: undefined; } | { id: string; cell: () => Element; header?: undefined; accessorKey?: undefined; }' is not assignable to type 'Column<any>'.
    Type '{ id: string; cell: () => React.JSX.Element; header?: undefined; accessorKey?: undefined; }' is not assignable to type 'Column<any>'.
      Types of property 'header' are incompatible.
        Type 'undefined' is not assignable to type 'string'.
client/src/pages/transportation/CarrierManager.tsx(133,40): error TS2322: Type '"default" | "success" | "warning"' is not assignable to type '"default" | "destructive" | "outline" | "secondary" | null | undefined'.
  Type '"success"' is not assignable to type '"default" | "destructive" | "outline" | "secondary" | null | undefined'.
client/src/pages/transportation/FreightSettlementConsole.tsx(78,24): error TS2322: Type '"default" | "success" | "destructive" | "secondary"' is not assignable to type '"default" | "destructive" | "outline" | "secondary" | null | undefined'.
  Type '"success"' is not assignable to type '"default" | "destructive" | "outline" | "secondary" | null | undefined'.
client/src/pages/transportation/FreightSettlementConsole.tsx(94,29): error TS2322: Type '"xs"' is not assignable to type '"default" | "icon" | "sm" | "lg" | null | undefined'.
client/src/pages/transportation/FreightSettlementConsole.tsx(95,29): error TS2322: Type '"glow"' is not assignable to type '"link" | "default" | "destructive" | "outline" | "secondary" | "ghost" | null | undefined'.
client/src/pages/transportation/FreightSettlementConsole.tsx(103,29): error TS2322: Type '"xs"' is not assignable to type '"default" | "icon" | "sm" | "lg" | null | undefined'.
client/src/pages/transportation/FreightSettlementConsole.tsx(126,29): error TS2322: Type '"premium"' is not assignable to type '"link" | "default" | "destructive" | "outline" | "secondary" | "ghost" | null | undefined'.
server/middleware/tenant.ts(3,20): error TS2307: Cannot find module '../../db' or its corresponding type declarations.
server/modules/billing/BillingService.ts(83,19): error TS7034: Variable 'invoicesToInsert' implicitly has type 'any[]' in some locations where its type cannot be determined.
server/modules/billing/BillingService.ts(109,72): error TS7005: Variable 'invoicesToInsert' implicitly has an 'any[]' type.
server/modules/billing/BillingService.ts(142,57): error TS2345: Argument of type 'string' is not assignable to parameter of type 'number'.
server/modules/billing/BillingService.ts(144,41): error TS2345: Argument of type 'string' is not assignable to parameter of type 'number'.
server/modules/billing/BillingService.ts(235,88): error TS2339: Property 'detectedAt' does not exist on type 'PgTableWithColumns<{ name: "billing_anomalies"; schema: undefined; columns: { id: PgColumn<{ name: "id"; tableName: "billing_anomalies"; dataType: "string"; columnType: "PgVarchar"; data: string; driverParam: string; ... 8 more ...; generated: undefined; }, {}, { ...; }>; ... 7 more ...; createdAt: PgColumn<...>; };...'.
server/modules/billing/BillingService.ts(401,93): error TS2339: Property 'startedAt' does not exist on type 'PgTableWithColumns<{ name: "billing_batches"; schema: undefined; columns: { id: PgColumn<{ name: "id"; tableName: "billing_batches"; dataType: "string"; columnType: "PgVarchar"; data: string; driverParam: string; notNull: true; ... 7 more ...; generated: undefined; }, {}, { ...; }>; ... 7 more ...; createdAt: PgColu...'.
server/modules/contracts/routes.ts(3,10): error TS2724: '"../../services/ContractService"' has no exported member named 'contractService'. Did you mean 'ContractService'?
server/modules/crm/accounts-routes.ts(67,63): error TS2769: No overload matches this call.
  Overload 1 of 2, '(value: { name: string | SQL<unknown> | Placeholder<string, any>; id?: string | SQL<unknown> | Placeholder<string, any> | undefined; createdAt?: SQL<unknown> | Date | Placeholder<...> | null | undefined; ... 25 more ...; territoryId?: string | ... 3 more ... | undefined; }): PgInsertBase<...>', gave the following error.
    Argument of type '{ name: string; id?: string | undefined; createdAt?: Date | null | undefined; type?: string | null | undefined; status?: string | null | undefined; updatedAt?: Date | null | undefined; ... 22 more ...; territoryId?: string | ... 1 more ... | undefined; }' is not assignable to parameter of type '{ name: string | SQL<unknown> | Placeholder<string, any>; id?: string | SQL<unknown> | Placeholder<string, any> | undefined; createdAt?: SQL<unknown> | Date | Placeholder<...> | null | undefined; ... 25 more ...; territoryId?: string | ... 3 more ... | undefined; }'.
      Types of property 'annualRevenue' are incompatible.
        Type 'number | null | undefined' is not assignable to type 'string | SQL<unknown> | Placeholder<string, any> | null | undefined'.
          Type 'number' is not assignable to type 'string | SQL<unknown> | Placeholder<string, any> | null | undefined'.
  Overload 2 of 2, '(values: { name: string | SQL<unknown> | Placeholder<string, any>; id?: string | SQL<unknown> | Placeholder<string, any> | undefined; createdAt?: SQL<unknown> | Date | Placeholder<...> | null | undefined; ... 25 more ...; territoryId?: string | ... 3 more ... | undefined; }[]): PgInsertBase<...>', gave the following error.
    Argument of type '{ name: string; id?: string | undefined; createdAt?: Date | null | undefined; type?: string | null | undefined; status?: string | null | undefined; updatedAt?: Date | null | undefined; ... 22 more ...; territoryId?: string | ... 1 more ... | undefined; }' is not assignable to parameter of type '{ name: string | SQL<unknown> | Placeholder<string, any>; id?: string | SQL<unknown> | Placeholder<string, any> | undefined; createdAt?: SQL<unknown> | Date | Placeholder<...> | null | undefined; ... 25 more ...; territoryId?: string | ... 3 more ... | undefined; }[]'.
      Type '{ name: string; id?: string | undefined; createdAt?: Date | null | undefined; type?: string | null | undefined; status?: string | null | undefined; updatedAt?: Date | null | undefined; ... 22 more ...; territoryId?: string | ... 1 more ... | undefined; }' is missing the following properties from type '{ name: string | SQL<unknown> | Placeholder<string, any>; id?: string | SQL<unknown> | Placeholder<string, any> | undefined; createdAt?: SQL<unknown> | Date | Placeholder<...> | null | undefined; ... 25 more ...; territoryId?: string | ... 3 more ... | undefined; }[]': length, pop, push, concat, and 35 more.
server/modules/crm/campaigns-routes.ts(24,61): error TS2769: No overload matches this call.
  Overload 1 of 2, '(value: { name: string | SQL<unknown> | Placeholder<string, any>; id?: string | SQL<unknown> | Placeholder<string, any> | undefined; isActive?: number | SQL<unknown> | Placeholder<...> | null | undefined; ... 10 more ...; actualCost?: string | ... 3 more ... | undefined; }): PgInsertBase<...>', gave the following error.
    Argument of type '{ name: string; id?: string | undefined; isActive?: number | null | undefined; createdAt?: Date | null | undefined; type?: string | null | undefined; status?: string | null | undefined; ... 7 more ...; actualCost?: number | ... 1 more ... | undefined; }' is not assignable to parameter of type '{ name: string | SQL<unknown> | Placeholder<string, any>; id?: string | SQL<unknown> | Placeholder<string, any> | undefined; isActive?: number | SQL<unknown> | Placeholder<...> | null | undefined; ... 10 more ...; actualCost?: string | ... 3 more ... | undefined; }'.
      Types of property 'expectedRevenue' are incompatible.
        Type 'number | null | undefined' is not assignable to type 'string | SQL<unknown> | Placeholder<string, any> | null | undefined'.
          Type 'number' is not assignable to type 'string | SQL<unknown> | Placeholder<string, any> | null | undefined'.
  Overload 2 of 2, '(values: { name: string | SQL<unknown> | Placeholder<string, any>; id?: string | SQL<unknown> | Placeholder<string, any> | undefined; isActive?: number | SQL<unknown> | Placeholder<...> | null | undefined; ... 10 more ...; actualCost?: string | ... 3 more ... | undefined; }[]): PgInsertBase<...>', gave the following error.
    Argument of type '{ name: string; id?: string | undefined; isActive?: number | null | undefined; createdAt?: Date | null | undefined; type?: string | null | undefined; status?: string | null | undefined; ... 7 more ...; actualCost?: number | ... 1 more ... | undefined; }' is not assignable to parameter of type '{ name: string | SQL<unknown> | Placeholder<string, any>; id?: string | SQL<unknown> | Placeholder<string, any> | undefined; isActive?: number | SQL<unknown> | Placeholder<...> | null | undefined; ... 10 more ...; actualCost?: string | ... 3 more ... | undefined; }[]'.
      Type '{ name: string; id?: string | undefined; isActive?: number | null | undefined; createdAt?: Date | null | undefined; type?: string | null | undefined; status?: string | null | undefined; ... 7 more ...; actualCost?: number | ... 1 more ... | undefined; }' is missing the following properties from type '{ name: string | SQL<unknown> | Placeholder<string, any>; id?: string | SQL<unknown> | Placeholder<string, any> | undefined; isActive?: number | SQL<unknown> | Placeholder<...> | null | undefined; ... 10 more ...; actualCost?: string | ... 3 more ... | undefined; }[]': length, pop, push, concat, and 35 more.
server/modules/crm/commissions-routes.ts(24,67): error TS2769: No overload matches this call.
  Overload 1 of 2, '(value: { name: string | SQL<unknown> | Placeholder<string, any>; rate: string | SQL<unknown> | Placeholder<string, any>; id?: string | SQL<unknown> | Placeholder<string, any> | undefined; ... 5 more ...; customFormula?: string | ... 3 more ... | undefined; }): PgInsertBase<...>', gave the following error.
    Argument of type '{ name: string; rate: string | number; id?: string | undefined; isActive?: boolean | null | undefined; createdAt?: Date | null | undefined; type?: string | undefined; description?: string | ... 1 more ... | undefined; quotaThreshold?: string | ... 1 more ... | undefined; customFormula?: string | ... 1 more ... | und...' is not assignable to parameter of type '{ name: string | SQL<unknown> | Placeholder<string, any>; rate: string | SQL<unknown> | Placeholder<string, any>; id?: string | SQL<unknown> | Placeholder<string, any> | undefined; ... 5 more ...; customFormula?: string | ... 3 more ... | undefined; }'.
      Types of property 'rate' are incompatible.
        Type 'string | number' is not assignable to type 'string | SQL<unknown> | Placeholder<string, any>'.
          Type 'number' is not assignable to type 'string | SQL<unknown> | Placeholder<string, any>'.
  Overload 2 of 2, '(values: { name: string | SQL<unknown> | Placeholder<string, any>; rate: string | SQL<unknown> | Placeholder<string, any>; id?: string | SQL<unknown> | Placeholder<string, any> | undefined; ... 5 more ...; customFormula?: string | ... 3 more ... | undefined; }[]): PgInsertBase<...>', gave the following error.
    Argument of type '{ name: string; rate: string | number; id?: string | undefined; isActive?: boolean | null | undefined; createdAt?: Date | null | undefined; type?: string | undefined; description?: string | ... 1 more ... | undefined; quotaThreshold?: string | ... 1 more ... | undefined; customFormula?: string | ... 1 more ... | und...' is not assignable to parameter of type '{ name: string | SQL<unknown> | Placeholder<string, any>; rate: string | SQL<unknown> | Placeholder<string, any>; id?: string | SQL<unknown> | Placeholder<string, any> | undefined; ... 5 more ...; customFormula?: string | ... 3 more ... | undefined; }[]'.
      Type '{ name: string; rate: string | number; id?: string | undefined; isActive?: boolean | null | undefined; createdAt?: Date | null | undefined; type?: string | undefined; description?: string | ... 1 more ... | undefined; quotaThreshold?: string | ... 1 more ... | undefined; customFormula?: string | ... 1 more ... | und...' is missing the following properties from type '{ name: string | SQL<unknown> | Placeholder<string, any>; rate: string | SQL<unknown> | Placeholder<string, any>; id?: string | SQL<unknown> | Placeholder<string, any> | undefined; ... 5 more ...; customFormula?: string | ... 3 more ... | undefined; }[]': length, pop, push, concat, and 35 more.
server/modules/crm/PriceBookService.ts(2,56): error TS2307: Cannot find module '../../shared/schema/crm' or its corresponding type declarations.
server/modules/crm/quotas-routes.ts(46,24): error TS2322: Type 'number' is not assignable to type 'string | SQL<unknown> | PgColumn<ColumnBaseConfig<ColumnDataType, string>, {}, {}> | undefined'.
server/modules/crm/quotas-routes.ts(52,64): error TS2769: No overload matches this call.
  Overload 1 of 2, '(value: { userId: string | SQL<unknown> | Placeholder<string, any>; periodName: string | SQL<unknown> | Placeholder<string, any>; id?: string | SQL<unknown> | Placeholder<...> | undefined; ... 4 more ...; targetType?: string | ... 3 more ... | undefined; }): PgInsertBase<...>', gave the following error.
    Argument of type '{ userId: string; periodName: string; quotaAmount: number; id?: string | undefined; createdAt?: Date | null | undefined; updatedAt?: Date | null | undefined; currencyCode?: string | ... 1 more ... | undefined; targetType?: string | ... 1 more ... | undefined; }' is not assignable to parameter of type '{ userId: string | SQL<unknown> | Placeholder<string, any>; periodName: string | SQL<unknown> | Placeholder<string, any>; id?: string | SQL<unknown> | Placeholder<...> | undefined; ... 4 more ...; targetType?: string | ... 3 more ... | undefined; }'.
      Types of property 'quotaAmount' are incompatible.
        Type 'number' is not assignable to type 'string | SQL<unknown> | Placeholder<string, any> | undefined'.
  Overload 2 of 2, '(values: { userId: string | SQL<unknown> | Placeholder<string, any>; periodName: string | SQL<unknown> | Placeholder<string, any>; id?: string | SQL<unknown> | Placeholder<...> | undefined; ... 4 more ...; targetType?: string | ... 3 more ... | undefined; }[]): PgInsertBase<...>', gave the following error.
    Argument of type '{ userId: string; periodName: string; quotaAmount: number; id?: string | undefined; createdAt?: Date | null | undefined; updatedAt?: Date | null | undefined; currencyCode?: string | ... 1 more ... | undefined; targetType?: string | ... 1 more ... | undefined; }' is not assignable to parameter of type '{ userId: string | SQL<unknown> | Placeholder<string, any>; periodName: string | SQL<unknown> | Placeholder<string, any>; id?: string | SQL<unknown> | Placeholder<...> | undefined; ... 4 more ...; targetType?: string | ... 3 more ... | undefined; }[]'.
      Type '{ userId: string; periodName: string; quotaAmount: number; id?: string | undefined; createdAt?: Date | null | undefined; updatedAt?: Date | null | undefined; currencyCode?: string | ... 1 more ... | undefined; targetType?: string | ... 1 more ... | undefined; }' is missing the following properties from type '{ userId: string | SQL<unknown> | Placeholder<string, any>; periodName: string | SQL<unknown> | Placeholder<string, any>; id?: string | SQL<unknown> | Placeholder<...> | undefined; ... 4 more ...; targetType?: string | ... 3 more ... | undefined; }[]': length, pop, push, concat, and 35 more.
server/modules/finance/finance.service.ts(28,46): error TS2345: Argument of type '{ accountName: string; accountCode: string; accountType: string; id?: string | undefined; isActive?: boolean | null | undefined; createdAt?: Date | null | undefined; parentAccountId?: string | ... 1 more ... | undefined; }' is not assignable to parameter of type '{ accountName: string; accountCode: string; accountType: "Revenue" | "Asset" | "Liability" | "Equity" | "Expense"; id?: string | undefined; isActive?: boolean | undefined; createdAt?: Date | ... 1 more ... | undefined; parentAccountId?: string | ... 1 more ... | undefined; }'.
  Types of property 'accountType' are incompatible.
    Type 'string' is not assignable to type '"Revenue" | "Asset" | "Liability" | "Equity" | "Expense"'.
server/modules/finance/finance.service.ts(38,30): error TS2551: Property 'getOrCreateGlCodeCombination' does not exist on type 'DatabaseStorage'. Did you mean 'getOrCreateCodeCombination'?
server/modules/finance/finance.service.ts(137,13): error TS2353: Object literal may only specify known properties, and 'category' does not exist in type '{ currencyCode: string; journalNumber: string; id?: string | undefined; createdAt?: Date | null | undefined; status?: "Draft" | "Processing" | "Posted" | undefined; description?: string | undefined; ... 8 more ...; postedDate?: Date | ... 1 more ... | undefined; }'.
server/modules/finance/finance.service.ts(304,65): error TS2345: Argument of type '{ method: string; reconciledDate: Date; }' is not assignable to parameter of type '{ userId: string; method: string; id?: string | undefined; batchId?: string | null | undefined; reconciledDate?: Date | null | undefined; }'.
  Property 'userId' is missing in type '{ method: string; reconciledDate: Date; }' but required in type '{ userId: string; method: string; id?: string | undefined; batchId?: string | null | undefined; reconciledDate?: Date | null | undefined; }'.
server/modules/finance/routes.ts(301,43): error TS2551: Property 'deleteGlAutoPostRule' does not exist on type 'DatabaseStorage'. Did you mean 'createGlAutoPostRule'?
server/modules/finance/routes.ts(312,40): error TS2551: Property 'listGlDataAccessSets' does not exist on type 'DatabaseStorage'. Did you mean 'listDataAccessSets'?
server/modules/finance/routes.ts(325,39): error TS2551: Property 'createGlDataAccessSet' does not exist on type 'DatabaseStorage'. Did you mean 'createDataAccessSet'?
server/modules/finance/routes.ts(357,64): error TS2307: Cannot find module '../../services/RevenueRecognitionService' or its corresponding type declarations.
server/modules/finance/routes.ts(376,64): error TS2307: Cannot find module '../../services/RevenueRecognitionService' or its corresponding type declarations.
server/modules/inventory/wms-shipping.service.ts(4,5): error TS2300: Duplicate identifier 'omOrderHeaders'.
server/modules/inventory/wms-shipping.service.ts(4,5): error TS2305: Module '"@shared/schema/scm"' has no exported member 'omOrderHeaders'.
server/modules/inventory/wms-shipping.service.ts(4,21): error TS2300: Duplicate identifier 'omOrderLines'.
server/modules/inventory/wms-shipping.service.ts(4,21): error TS2305: Module '"@shared/schema/scm"' has no exported member 'omOrderLines'.
server/modules/inventory/wms-shipping.service.ts(9,10): error TS2300: Duplicate identifier 'omOrderHeaders'.
server/modules/inventory/wms-shipping.service.ts(9,26): error TS2300: Duplicate identifier 'omOrderLines'.
server/modules/inventory/wms-shipping.service.ts(17,17): error TS7034: Variable 'linesToShip' implicitly has type 'any[]' in some locations where its type cannot be determined.
server/modules/inventory/wms-shipping.service.ts(35,30): error TS7005: Variable 'linesToShip' implicitly has an 'any[]' type.
server/modules/inventory/wms-shipping.service.ts(48,32): error TS7005: Variable 'linesToShip' implicitly has an 'any[]' type.
server/modules/inventory/wms-wave.service.ts(3,30): error TS2300: Duplicate identifier 'omOrderLines'.
server/modules/inventory/wms-wave.service.ts(3,30): error TS2305: Module '"@shared/schema/scm"' has no exported member 'omOrderLines'.
server/modules/inventory/wms-wave.service.ts(3,44): error TS2300: Duplicate identifier 'omOrderHeaders'.
server/modules/inventory/wms-wave.service.ts(3,44): error TS2305: Module '"@shared/schema/scm"' has no exported member 'omOrderHeaders'.
server/modules/inventory/wms-wave.service.ts(17,10): error TS2300: Duplicate identifier 'omOrderLines'.
server/modules/inventory/wms-wave.service.ts(17,24): error TS2300: Duplicate identifier 'omOrderHeaders'.
server/modules/lcm/lcm-accounting.service.ts(83,50): error TS2769: No overload matches this call.
  Overload 1 of 2, '(value: { lineNumber: number | SQL<unknown> | Placeholder<string, any>; currencyCode: string | SQL<unknown> | Placeholder<string, any>; headerId: string | SQL<...> | Placeholder<...>; ... 7 more ...; accountedCr?: string | ... 3 more ... | undefined; }): PgInsertBase<...>', gave the following error.
    Object literal may only specify known properties, and 'accountId' does not exist in type '{ lineNumber: number | SQL<unknown> | Placeholder<string, any>; currencyCode: string | SQL<unknown> | Placeholder<string, any>; headerId: string | SQL<...> | Placeholder<...>; ... 7 more ...; accountedCr?: string | ... 3 more ... | undefined; }'.
  Overload 2 of 2, '(values: { lineNumber: number | SQL<unknown> | Placeholder<string, any>; currencyCode: string | SQL<unknown> | Placeholder<string, any>; headerId: string | SQL<...> | Placeholder<...>; ... 7 more ...; accountedCr?: string | ... 3 more ... | undefined; }[]): PgInsertBase<...>', gave the following error.
    Object literal may only specify known properties, and 'headerId' does not exist in type '{ lineNumber: number | SQL<unknown> | Placeholder<string, any>; currencyCode: string | SQL<unknown> | Placeholder<string, any>; headerId: string | SQL<...> | Placeholder<...>; ... 7 more ...; accountedCr?: string | ... 3 more ... | undefined; }[]'.
server/modules/lcm/lcm-accounting.service.ts(128,58): error TS2769: No overload matches this call.
  Overload 1 of 2, '(value: { lineNumber: number | SQL<unknown> | Placeholder<string, any>; currencyCode: string | SQL<unknown> | Placeholder<string, any>; headerId: string | SQL<...> | Placeholder<...>; ... 7 more ...; accountedCr?: string | ... 3 more ... | undefined; }): PgInsertBase<...>', gave the following error.
    Object literal may only specify known properties, and 'accountId' does not exist in type '{ lineNumber: number | SQL<unknown> | Placeholder<string, any>; currencyCode: string | SQL<unknown> | Placeholder<string, any>; headerId: string | SQL<...> | Placeholder<...>; ... 7 more ...; accountedCr?: string | ... 3 more ... | undefined; }'.
  Overload 2 of 2, '(values: { lineNumber: number | SQL<unknown> | Placeholder<string, any>; currencyCode: string | SQL<unknown> | Placeholder<string, any>; headerId: string | SQL<...> | Placeholder<...>; ... 7 more ...; accountedCr?: string | ... 3 more ... | undefined; }[]): PgInsertBase<...>', gave the following error.
    Object literal may only specify known properties, and 'headerId' does not exist in type '{ lineNumber: number | SQL<unknown> | Placeholder<string, any>; currencyCode: string | SQL<unknown> | Placeholder<string, any>; headerId: string | SQL<...> | Placeholder<...>; ... 7 more ...; accountedCr?: string | ... 3 more ... | undefined; }[]'.
server/modules/lcm/lcm-accounting.service.ts(149,58): error TS2769: No overload matches this call.
  Overload 1 of 2, '(value: { lineNumber: number | SQL<unknown> | Placeholder<string, any>; currencyCode: string | SQL<unknown> | Placeholder<string, any>; headerId: string | SQL<...> | Placeholder<...>; ... 7 more ...; accountedCr?: string | ... 3 more ... | undefined; }): PgInsertBase<...>', gave the following error.
    Object literal may only specify known properties, and 'accountId' does not exist in type '{ lineNumber: number | SQL<unknown> | Placeholder<string, any>; currencyCode: string | SQL<unknown> | Placeholder<string, any>; headerId: string | SQL<...> | Placeholder<...>; ... 7 more ...; accountedCr?: string | ... 3 more ... | undefined; }'.
  Overload 2 of 2, '(values: { lineNumber: number | SQL<unknown> | Placeholder<string, any>; currencyCode: string | SQL<unknown> | Placeholder<string, any>; headerId: string | SQL<...> | Placeholder<...>; ... 7 more ...; accountedCr?: string | ... 3 more ... | undefined; }[]): PgInsertBase<...>', gave the following error.
    Object literal may only specify known properties, and 'headerId' does not exist in type '{ lineNumber: number | SQL<unknown> | Placeholder<string, any>; currencyCode: string | SQL<unknown> | Placeholder<string, any>; headerId: string | SQL<...> | Placeholder<...>; ... 7 more ...; accountedCr?: string | ... 3 more ... | undefined; }[]'.
server/modules/lcm/lcm-accounting.service.ts(166,58): error TS2769: No overload matches this call.
  Overload 1 of 2, '(value: { lineNumber: number | SQL<unknown> | Placeholder<string, any>; currencyCode: string | SQL<unknown> | Placeholder<string, any>; headerId: string | SQL<...> | Placeholder<...>; ... 7 more ...; accountedCr?: string | ... 3 more ... | undefined; }): PgInsertBase<...>', gave the following error.
    Object literal may only specify known properties, and 'accountId' does not exist in type '{ lineNumber: number | SQL<unknown> | Placeholder<string, any>; currencyCode: string | SQL<unknown> | Placeholder<string, any>; headerId: string | SQL<...> | Placeholder<...>; ... 7 more ...; accountedCr?: string | ... 3 more ... | undefined; }'.
  Overload 2 of 2, '(values: { lineNumber: number | SQL<unknown> | Placeholder<string, any>; currencyCode: string | SQL<unknown> | Placeholder<string, any>; headerId: string | SQL<...> | Placeholder<...>; ... 7 more ...; accountedCr?: string | ... 3 more ... | undefined; }[]): PgInsertBase<...>', gave the following error.
    Object literal may only specify known properties, and 'headerId' does not exist in type '{ lineNumber: number | SQL<unknown> | Placeholder<string, any>; currencyCode: string | SQL<unknown> | Placeholder<string, any>; headerId: string | SQL<...> | Placeholder<...>; ... 7 more ...; accountedCr?: string | ... 3 more ... | undefined; }[]'.
server/modules/lcm/lcm-accounting.service.ts(176,58): error TS2769: No overload matches this call.
  Overload 1 of 2, '(value: { lineNumber: number | SQL<unknown> | Placeholder<string, any>; currencyCode: string | SQL<unknown> | Placeholder<string, any>; headerId: string | SQL<...> | Placeholder<...>; ... 7 more ...; accountedCr?: string | ... 3 more ... | undefined; }): PgInsertBase<...>', gave the following error.
    Object literal may only specify known properties, and 'accountId' does not exist in type '{ lineNumber: number | SQL<unknown> | Placeholder<string, any>; currencyCode: string | SQL<unknown> | Placeholder<string, any>; headerId: string | SQL<...> | Placeholder<...>; ... 7 more ...; accountedCr?: string | ... 3 more ... | undefined; }'.
  Overload 2 of 2, '(values: { lineNumber: number | SQL<unknown> | Placeholder<string, any>; currencyCode: string | SQL<unknown> | Placeholder<string, any>; headerId: string | SQL<...> | Placeholder<...>; ... 7 more ...; accountedCr?: string | ... 3 more ... | undefined; }[]): PgInsertBase<...>', gave the following error.
    Object literal may only specify known properties, and 'headerId' does not exist in type '{ lineNumber: number | SQL<unknown> | Placeholder<string, any>; currencyCode: string | SQL<unknown> | Placeholder<string, any>; headerId: string | SQL<...> | Placeholder<...>; ... 7 more ...; accountedCr?: string | ... 3 more ... | undefined; }[]'.
server/modules/lcm/lcm.service.ts(115,11): error TS2393: Duplicate function implementation.
server/modules/lcm/lcm.service.ts(136,11): error TS2393: Duplicate function implementation.
server/modules/lcm/lcm.service.ts(159,11): error TS2393: Duplicate function implementation.
server/modules/lcm/lcm.service.ts(181,11): error TS2393: Duplicate function implementation.
server/modules/lcm/lcm.service.ts(202,11): error TS2393: Duplicate function implementation.
server/modules/lcm/lcm.service.ts(225,11): error TS2393: Duplicate function implementation.
server/modules/maintenance/maintenance.controller.ts(12,43): error TS2307: Cannot find module '../../../services/ProjectCostingIntegration' or its corresponding type declarations.
server/modules/maintenance/maintenance.controller.ts(13,41): error TS2307: Cannot find module '../../../services/InventoryReorderService' or its corresponding type declarations.
server/modules/maintenance/services/MaintenanceCostingService.ts(24,37): error TS2339: Property 'unitCost' does not exist on type '{ id: string; createdAt: Date | null; description: string | null; itemNumber: string; primaryUomCode: string | null; organizationId: string | null; quantityOnHand: string | null; minQuantity: string | null; maxQuantity: string | null; }'.
server/modules/maintenance/services/MaintenanceCostingService.ts(24,55): error TS2339: Property 'averageCost' does not exist on type '{ id: string; createdAt: Date | null; description: string | null; itemNumber: string; primaryUomCode: string | null; organizationId: string | null; quantityOnHand: string | null; minQuantity: string | null; maxQuantity: string | null; }'.
server/modules/maintenance/services/MaintenanceFinancialService.ts(45,21): error TS2353: Object literal may only specify known properties, and 'updatedAt' does not exist in type '{ method?: string | SQL<unknown> | PgColumn<ColumnBaseConfig<ColumnDataType, string>, {}, {}> | undefined; bookId?: string | SQL<unknown> | PgColumn<...> | undefined; ... 15 more ...; ccid?: string | ... 3 more ... | undefined; }'.
server/modules/maintenance/services/MaintenanceSCMService.ts(37,23): error TS18047: 'mat.plannedQuantity' is possibly 'null'.
server/modules/maintenance/services/MaintenanceService.ts(7,33): error TS2724: '"@shared/schema"' has no exported member named 'insertMaintOperationSchema'. Did you mean 'insertInteractionSchema'?
server/modules/maintenance/services/MaintenanceService.ts(53,89): error TS2339: Property 'assignedToUser' does not exist on type 'PgTableWithColumns<{ name: "maint_work_orders"; schema: undefined; columns: { id: PgColumn<{ name: "id"; tableName: "maint_work_orders"; dataType: "string"; columnType: "PgVarchar"; data: string; driverParam: string; ... 8 more ...; generated: undefined; }, {}, { ...; }>; ... 16 more ...; updatedAt: PgColumn<...>; }...'.
server/modules/maintenance/services/MaintenanceService.ts(54,81): error TS2339: Property 'assignedToUser' does not exist on type 'PgTableWithColumns<{ name: "maint_work_orders"; schema: undefined; columns: { id: PgColumn<{ name: "id"; tableName: "maint_work_orders"; dataType: "string"; columnType: "PgVarchar"; data: string; driverParam: string; ... 8 more ...; generated: undefined; }, {}, { ...; }>; ... 16 more ...; updatedAt: PgColumn<...>; }...'.
server/modules/maintenance/services/MaintenanceService.ts(137,55): error TS2769: No overload matches this call.
  Overload 1 of 2, '(value: { description: string | SQL<unknown> | Placeholder<string, any>; workOrderId: string | SQL<unknown> | Placeholder<string, any>; sequence: number | SQL<...> | Placeholder<...>; ... 9 more ...; completedByUserId?: string | ... 3 more ... | undefined; }): PgInsertBase<...>', gave the following error.
    Type 'string | null' is not assignable to type 'string | SQL<unknown> | Placeholder<string, any>'.
      Type 'null' is not assignable to type 'string | SQL<unknown> | Placeholder<string, any>'.
  Overload 2 of 2, '(values: { description: string | SQL<unknown> | Placeholder<string, any>; workOrderId: string | SQL<unknown> | Placeholder<string, any>; sequence: number | SQL<...> | Placeholder<...>; ... 9 more ...; completedByUserId?: string | ... 3 more ... | undefined; }[]): PgInsertBase<...>', gave the following error.
    Object literal may only specify known properties, and 'workOrderId' does not exist in type '{ description: string | SQL<unknown> | Placeholder<string, any>; workOrderId: string | SQL<unknown> | Placeholder<string, any>; sequence: number | SQL<...> | Placeholder<...>; ... 9 more ...; completedByUserId?: string | ... 3 more ... | undefined; }[]'.
server/modules/maintenance/services/MaintenanceService.ts(139,30): error TS2339: Property 'sequence' does not exist on type '{ id: string; workDefinitionId: string; sequenceNumber: number; name: string; description: string | null; longDescription: string | null; standardHours: string | null; requiredHeadCount: number | null; }'.
server/modules/maintenance/services/MaintenanceService.ts(455,13): error TS18047: 'mat.actualQuantity' is possibly 'null'.
server/modules/maintenance/services/MaintenanceService.ts(455,35): error TS18047: 'mat.plannedQuantity' is possibly 'null'.
server/modules/maintenance/services/MaintenanceService.ts(466,28): error TS2339: Property 'quantity' does not exist on type '{ id: string; createdAt: Date | null; description: string | null; itemNumber: string; primaryUomCode: string | null; organizationId: string | null; quantityOnHand: string | null; minQuantity: string | null; maxQuantity: string | null; }'.
server/modules/maintenance/services/MaintenanceService.ts(472,20): error TS2353: Object literal may only specify known properties, and 'quantity' does not exist in type '{ itemNumber?: string | SQL<unknown> | PgColumn<ColumnBaseConfig<ColumnDataType, string>, {}, {}> | undefined; id?: string | SQL<unknown> | PgColumn<...> | undefined; ... 6 more ...; maxQuantity?: string | ... 3 more ... | undefined; }'.
server/modules/maintenance/services/MaintenanceService.ts(472,36): error TS2339: Property 'quantity' does not exist on type '{ id: string; createdAt: Date | null; description: string | null; itemNumber: string; primaryUomCode: string | null; organizationId: string | null; quantityOnHand: string | null; minQuantity: string | null; maxQuantity: string | null; }'.
server/modules/manufacturing/manufacturing.controller.ts(8,20): error TS2307: Cannot find module '../../../db' or its corresponding type declarations.
server/modules/manufacturing/manufacturing.controller.ts(9,337): error TS2724: '"@shared/schema"' has no exported member named 'insertOhRuleSchema'. Did you mean 'insertRoleSchema'?
server/modules/manufacturing/manufacturing.controller.ts(488,27): error TS7006: Parameter 'batches' implicitly has an 'any' type.
server/modules/manufacturing/manufacturing.controller.ts(488,38): error TS7031: Binding element 'desc' implicitly has an 'any' type.
server/modules/manufacturing/services/ManufacturingCostingService.ts(258,49): error TS2363: The right-hand side of an arithmetic operation must be of type 'any', 'number', 'bigint' or an enum type.
server/modules/manufacturing/services/ManufacturingPlanningService.ts(8,10): error TS2724: '"@shared/schema"' has no exported member named 'InsertMrpPlan'. Did you mean 'InsertPlan'?
server/modules/manufacturing/services/ManufacturingPlanningService.ts(8,30): error TS2724: '"@shared/schema"' has no exported member named 'InsertMrpRecommendation'. Did you mean 'insertMrpRecommendationSchema'?
server/modules/manufacturing/services/ManufacturingPlanningService.ts(9,10): error TS2724: '"@shared/schema"' has no exported member named 'InsertDemandForecast'. Did you mean 'insertDemandForecastSchema'?
server/modules/manufacturing/services/ManufacturingPlanningService.ts(88,79): error TS2339: Property 'quantity' does not exist on type '{ id: string; itemNumber: string; description: string | null; primaryUomCode: string | null; organizationId: string | null; quantityOnHand: string | null; minQuantity: string | null; maxQuantity: string | null; createdAt: Date | null; }'.
server/modules/manufacturing/services/ManufacturingProcessService.ts(10,66): error TS2304: Cannot find name 'eq'.
server/modules/manufacturing/services/ManufacturingProcessService.ts(14,20): error TS2304: Cannot find name 'eq'.
server/modules/manufacturing/services/ManufacturingProcessService.ts(46,64): error TS2304: Cannot find name 'eq'.
server/modules/manufacturing/services/ManufacturingProcessService.ts(76,76): error TS2304: Cannot find name 'eq'.
server/modules/manufacturing/services/ManufacturingProcessService.ts(90,24): error TS2304: Cannot find name 'eq'.
server/modules/manufacturing/services/ManufacturingProcessService.ts(98,76): error TS2304: Cannot find name 'eq'.
server/modules/manufacturing/services/ManufacturingProcessService.ts(110,20): error TS2304: Cannot find name 'eq'.
server/modules/manufacturing/services/ManufacturingProcessService.ts(128,78): error TS2304: Cannot find name 'eq'.
server/modules/manufacturing/services/ManufacturingProcessService.ts(136,82): error TS2304: Cannot find name 'inArray'.
server/modules/manufacturing/services/ManufacturingProcessService.ts(140,83): error TS2304: Cannot find name 'eq'.
server/modules/manufacturing/services/ManufacturingProcessService.ts(149,61): error TS2304: Cannot find name 'eq'.
server/modules/manufacturing/services/ManufacturingProcessService.ts(155,51): error TS2304: Cannot find name 'eq'.
server/modules/manufacturing/services/ManufacturingService.ts(132,61): error TS2339: Property 'itemName' does not exist on type 'PgTableWithColumns<{ name: "inv_items"; schema: undefined; columns: { id: PgColumn<{ name: "id"; tableName: "inv_items"; dataType: "string"; columnType: "PgVarchar"; data: string; driverParam: string; notNull: true; hasDefault: true; ... 6 more ...; generated: undefined; }, {}, { ...; }>; ... 7 more ...; createdAt: ...'.
server/modules/manufacturing/services/ManufacturingService.ts(136,40): error TS2339: Property 'priority' does not exist on type 'PgTableWithColumns<{ name: "production_orders"; schema: undefined; columns: { id: PgColumn<{ name: "id"; tableName: "production_orders"; dataType: "string"; columnType: "PgVarchar"; data: string; driverParam: string; ... 8 more ...; generated: undefined; }, {}, { ...; }>; ... 9 more ...; createdAt: PgColumn<...>; };...'.
server/modules/manufacturing/services/ManufacturingService.ts(137,44): error TS2339: Property 'workCenterId' does not exist on type 'PgTableWithColumns<{ name: "production_orders"; schema: undefined; columns: { id: PgColumn<{ name: "id"; tableName: "production_orders"; dataType: "string"; columnType: "PgVarchar"; data: string; driverParam: string; ... 8 more ...; generated: undefined; }, {}, { ...; }>; ... 9 more ...; createdAt: PgColumn<...>; };...'.
server/modules/manufacturing/services/ManufacturingService.ts(199,51): error TS2339: Property 'productionOrderId' does not exist on type 'PgTableWithColumns<{ name: "quality_inspections"; schema: undefined; columns: { id: PgColumn<{ name: "id"; tableName: "quality_inspections"; dataType: "string"; columnType: "PgVarchar"; data: string; driverParam: string; ... 8 more ...; generated: undefined; }, {}, { ...; }>; ... 6 more ...; createdAt: PgColumn<...>...'.
server/modules/manufacturing/services/ManufacturingService.ts(200,157): error TS2339: Property 'productionOrderId' does not exist on type 'PgTableWithColumns<{ name: "quality_inspections"; schema: undefined; columns: { id: PgColumn<{ name: "id"; tableName: "quality_inspections"; dataType: "string"; columnType: "PgVarchar"; data: string; driverParam: string; ... 8 more ...; generated: undefined; }, {}, { ...; }>; ... 6 more ...; createdAt: PgColumn<...>...'.
server/modules/manufacturing/services/ManufacturingService.ts(201,45): error TS2551: Property 'inspectorId' does not exist on type 'PgTableWithColumns<{ name: "quality_inspections"; schema: undefined; columns: { id: PgColumn<{ name: "id"; tableName: "quality_inspections"; dataType: "string"; columnType: "PgVarchar"; data: string; driverParam: string; ... 8 more ...; generated: undefined; }, {}, { ...; }>; ... 6 more ...; createdAt: PgColumn<...>...'. Did you mean 'inspector'?
server/modules/order/BackToBackService.ts(4,38): error TS2307: Cannot find module '../../services/ManufacturingService' or its corresponding type declarations.
server/modules/order/BackToBackService.ts(34,38): error TS2339: Property 'lines' does not exist on type '{ id: string; status: "DRAFT" | "SHIPPED" | "BOOKED" | "AWAITING_FULFILLMENT" | "INVOICED" | "CLOSED" | "CANCELLED" | "HOLD" | null; updatedAt: Date | null; orgId: string; paymentTerms: string | null; ... 11 more ...; shippingMethod: string | null; }'.
server/modules/order/DropShipService.ts(4,36): error TS2307: Cannot find module '../scm/ProcurementService' or its corresponding type declarations.
server/modules/order/DropShipService.ts(31,35): error TS2339: Property 'lines' does not exist on type '{ id: string; status: "DRAFT" | "SHIPPED" | "BOOKED" | "AWAITING_FULFILLMENT" | "INVOICED" | "CLOSED" | "CANCELLED" | "HOLD" | null; updatedAt: Date | null; orgId: string; paymentTerms: string | null; ... 11 more ...; shippingMethod: string | null; }'.
server/modules/order/FulfillmentOptimizer.ts(26,37): error TS2339: Property 'quantity' does not exist on type 'PgTableWithColumns<{ name: "inv_items"; schema: undefined; columns: { id: PgColumn<{ name: "id"; tableName: "inv_items"; dataType: "string"; columnType: "PgVarchar"; data: string; driverParam: string; notNull: true; hasDefault: true; ... 6 more ...; generated: undefined; }, {}, { ...; }>; ... 7 more ...; createdAt: ...'.
server/modules/order/FulfillmentOptimizer.ts(29,42): error TS2339: Property 'location' does not exist on type '{ id: string; itemNumber: string; description: string | null; primaryUomCode: string | null; organizationId: string | null; quantityOnHand: string | null; minQuantity: string | null; maxQuantity: string | null; createdAt: Date | null; }'.
server/modules/order/FulfillmentOptimizer.ts(31,56): error TS2339: Property 'location' does not exist on type '{ id: string; itemNumber: string; description: string | null; primaryUomCode: string | null; organizationId: string | null; quantityOnHand: string | null; minQuantity: string | null; maxQuantity: string | null; createdAt: Date | null; }'.
server/modules/order/FulfillmentOptimizer.ts(31,79): error TS2339: Property 'quantity' does not exist on type '{ id: string; itemNumber: string; description: string | null; primaryUomCode: string | null; organizationId: string | null; quantityOnHand: string | null; minQuantity: string | null; maxQuantity: string | null; createdAt: Date | null; }'.
server/modules/order/FulfillmentOptimizer.ts(33,51): error TS2339: Property 'location' does not exist on type '{ id: string; itemNumber: string; description: string | null; primaryUomCode: string | null; organizationId: string | null; quantityOnHand: string | null; minQuantity: string | null; maxQuantity: string | null; createdAt: Date | null; }'.
server/modules/order/FulfillmentOptimizer.ts(34,60): error TS2339: Property 'quantity' does not exist on type '{ id: string; itemNumber: string; description: string | null; primaryUomCode: string | null; organizationId: string | null; quantityOnHand: string | null; minQuantity: string | null; maxQuantity: string | null; createdAt: Date | null; }'.
server/modules/order/FulfillmentOptimizer.ts(34,98): error TS2339: Property 'location' does not exist on type '{ id: string; itemNumber: string; description: string | null; primaryUomCode: string | null; organizationId: string | null; quantityOnHand: string | null; minQuantity: string | null; maxQuantity: string | null; createdAt: Date | null; }'.
server/modules/order/order.controller.ts(73,49): error TS2339: Property 'shipOrder' does not exist on type 'FulfillmentService'.
server/modules/order/OrderManagementService.ts(90,38): error TS2769: No overload matches this call.
  Overload 1 of 2, '(value: { holdName: string | SQL<unknown> | Placeholder<string, any>; holdType: string | SQL<unknown> | Placeholder<string, any>; id?: string | SQL<unknown> | Placeholder<...> | undefined; ... 5 more ...; releasedBy?: string | ... 3 more ... | undefined; }): PgInsertBase<...>', gave the following error.
    Object literal may only specify known properties, and 'holdReason' does not exist in type '{ holdName: string | SQL<unknown> | Placeholder<string, any>; holdType: string | SQL<unknown> | Placeholder<string, any>; id?: string | SQL<unknown> | Placeholder<...> | undefined; ... 5 more ...; releasedBy?: string | ... 3 more ... | undefined; }'.
  Overload 2 of 2, '(values: { holdName: string | SQL<unknown> | Placeholder<string, any>; holdType: string | SQL<unknown> | Placeholder<string, any>; id?: string | SQL<unknown> | Placeholder<...> | undefined; ... 5 more ...; releasedBy?: string | ... 3 more ... | undefined; }[]): PgInsertBase<...>', gave the following error.
    Object literal may only specify known properties, and 'headerId' does not exist in type '{ holdName: string | SQL<unknown> | Placeholder<string, any>; holdType: string | SQL<unknown> | Placeholder<string, any>; id?: string | SQL<unknown> | Placeholder<...> | undefined; ... 5 more ...; releasedBy?: string | ... 3 more ... | undefined; }[]'.
server/modules/order/PriceListService.ts(42,50): error TS2769: No overload matches this call.
  Overload 1 of 2, '(value: { unitPrice: string | SQL<unknown> | Placeholder<string, any>; itemId: string | SQL<unknown> | Placeholder<string, any>; priceListId: string | SQL<unknown> | Placeholder<...>; id?: string | ... 2 more ... | undefined; isActive?: boolean | ... 3 more ... | undefined; }): PgInsertBase<...>', gave the following error.
    Type 'number' is not assignable to type 'string | SQL<unknown> | Placeholder<string, any>'.
  Overload 2 of 2, '(values: { unitPrice: string | SQL<unknown> | Placeholder<string, any>; itemId: string | SQL<unknown> | Placeholder<string, any>; priceListId: string | SQL<unknown> | Placeholder<...>; id?: string | ... 2 more ... | undefined; isActive?: boolean | ... 3 more ... | undefined; }[]): PgInsertBase<...>', gave the following error.
    Object literal may only specify known properties, and 'priceListId' does not exist in type '{ unitPrice: string | SQL<unknown> | Placeholder<string, any>; itemId: string | SQL<unknown> | Placeholder<string, any>; priceListId: string | SQL<unknown> | Placeholder<...>; id?: string | ... 2 more ... | undefined; isActive?: boolean | ... 3 more ... | undefined; }[]'.
server/modules/order/PricingService.ts(2,10): error TS2300: Duplicate identifier 'db'.
server/modules/order/PricingService.ts(3,10): error TS2300: Duplicate identifier 'db'.
server/modules/order/ReservationService.ts(35,17): error TS2322: Type '"AWAITING_SHIPPING"' is not assignable to type 'SQL<unknown> | PgColumn<ColumnBaseConfig<ColumnDataType, string>, {}, {}> | "SHIPPED" | "AWAITING_FULFILLMENT" | "INVOICED" | ... 5 more ... | undefined'.
server/modules/order/ReturnService.ts(21,65): error TS2769: No overload matches this call.
  Overload 1 of 2, '(value: { orgId: string | SQL<unknown> | Placeholder<string, any>; customerId: string | SQL<unknown> | Placeholder<string, any>; orderNumber: string | SQL<unknown> | Placeholder<...>; ... 13 more ...; shippingMethod?: string | ... 3 more ... | undefined; }): PgInsertBase<...>', gave the following error.
    Type '"AWAITING_RECEIPT"' is not assignable to type 'SQL<unknown> | "DRAFT" | "SHIPPED" | "BOOKED" | "AWAITING_FULFILLMENT" | "INVOICED" | "CLOSED" | "CANCELLED" | "HOLD" | Placeholder<string, any> | null | undefined'.
  Overload 2 of 2, '(values: { orgId: string | SQL<unknown> | Placeholder<string, any>; customerId: string | SQL<unknown> | Placeholder<string, any>; orderNumber: string | SQL<unknown> | Placeholder<...>; ... 13 more ...; shippingMethod?: string | ... 3 more ... | undefined; }[]): PgInsertBase<...>', gave the following error.
    Object literal may only specify known properties, and 'orderNumber' does not exist in type '{ orgId: string | SQL<unknown> | Placeholder<string, any>; customerId: string | SQL<unknown> | Placeholder<string, any>; orderNumber: string | SQL<unknown> | Placeholder<...>; ... 13 more ...; shippingMethod?: string | ... 3 more ... | undefined; }[]'.
server/modules/order/ReturnService.ts(42,47): error TS2769: No overload matches this call.
  Overload 1 of 2, '(value: { orgId: string | SQL<unknown> | Placeholder<string, any>; lineNumber: number | SQL<unknown> | Placeholder<string, any>; itemId: string | SQL<unknown> | Placeholder<...>; ... 12 more ...; extendedAmount?: string | ... 3 more ... | undefined; }): PgInsertBase<...>', gave the following error.
    Type '"AWAITING_RECEIPT"' is not assignable to type 'SQL<unknown> | "SHIPPED" | "AWAITING_FULFILLMENT" | "INVOICED" | "CLOSED" | "CANCELLED" | "PICKED" | "RETURNED" | Placeholder<string, any> | null | undefined'.
  Overload 2 of 2, '(values: { orgId: string | SQL<unknown> | Placeholder<string, any>; lineNumber: number | SQL<unknown> | Placeholder<string, any>; itemId: string | SQL<unknown> | Placeholder<...>; ... 12 more ...; extendedAmount?: string | ... 3 more ... | undefined; }[]): PgInsertBase<...>', gave the following error.
    Object literal may only specify known properties, and 'headerId' does not exist in type '{ orgId: string | SQL<unknown> | Placeholder<string, any>; lineNumber: number | SQL<unknown> | Placeholder<string, any>; itemId: string | SQL<unknown> | Placeholder<...>; ... 12 more ...; extendedAmount?: string | ... 3 more ... | undefined; }[]'.
server/modules/order/ReturnService.ts(68,20): error TS2322: Type '"RECEIVED"' is not assignable to type 'SQL<unknown> | PgColumn<ColumnBaseConfig<ColumnDataType, string>, {}, {}> | "DRAFT" | "SHIPPED" | "BOOKED" | "AWAITING_FULFILLMENT" | ... 5 more ... | undefined'.
server/modules/ppm/services/PpmPlanningService.ts(53,17): error TS2769: No overload matches this call.
  Overload 1 of 3, '(left: PgColumn<{ name: "version_type"; tableName: "ppm_budget_versions"; dataType: "string"; columnType: "PgVarchar"; data: string; driverParam: string; notNull: false; hasDefault: true; isPrimaryKey: false; ... 5 more ...; generated: undefined; }, {}, { ...; }>, right: string | SQLWrapper): SQL<...>', gave the following error.
    Argument of type 'string | null' is not assignable to parameter of type 'string | SQLWrapper'.
      Type 'null' is not assignable to type 'string | SQLWrapper'.
  Overload 2 of 3, '(left: Aliased<string | null>, right: string | SQLWrapper | null): SQL<unknown>', gave the following error.
    Argument of type 'PgColumn<{ name: "version_type"; tableName: "ppm_budget_versions"; dataType: "string"; columnType: "PgVarchar"; data: string; driverParam: string; notNull: false; hasDefault: true; isPrimaryKey: false; ... 5 more ...; generated: undefined; }, {}, { ...; }>' is not assignable to parameter of type 'Aliased<string | null>'.
      Type 'PgColumn<{ name: "version_type"; tableName: "ppm_budget_versions"; dataType: "string"; columnType: "PgVarchar"; data: string; driverParam: string; notNull: false; hasDefault: true; isPrimaryKey: false; ... 5 more ...; generated: undefined; }, {}, { ...; }>' is missing the following properties from type 'Aliased<string | null>': sql, fieldAlias
  Overload 3 of 3, '(left: never, right: unknown): SQL<unknown>', gave the following error.
    Argument of type 'PgColumn<{ name: "version_type"; tableName: "ppm_budget_versions"; dataType: "string"; columnType: "PgVarchar"; data: string; driverParam: string; notNull: false; hasDefault: true; isPrimaryKey: false; ... 5 more ...; generated: undefined; }, {}, { ...; }>' is not assignable to parameter of type 'never'.
server/modules/ppm/services/PpmService.ts(458,11): error TS2393: Duplicate function implementation.
server/modules/ppm/services/PpmService.ts(838,11): error TS2393: Duplicate function implementation.
server/modules/ppm/services/PpmService.ts(843,13): error TS2740: Type 'Omit<PgSelectBase<"ppm_project_assets", { id: PgColumn<{ name: "id"; tableName: "ppm_project_assets"; dataType: "string"; columnType: "PgVarchar"; data: string; driverParam: string; notNull: true; hasDefault: true; ... 6 more ...; generated: undefined; }, {}, { ...; }>; ... 7 more ...; createdAt: PgColumn<...>; }, ....' is missing the following properties from type 'PgSelectBase<"ppm_project_assets", { id: PgColumn<{ name: "id"; tableName: "ppm_project_assets"; dataType: "string"; columnType: "PgVarchar"; data: string; driverParam: string; notNull: true; hasDefault: true; ... 6 more ...; generated: undefined; }, {}, { ...; }>; ... 7 more ...; createdAt: PgColumn<...>; }, ... 5 ...': config, joinsNotNullableMap, tableName, isPartialSelect, and 5 more.
server/modules/ppm/services/PpmService.ts(844,13): error TS2740: Type 'Omit<PgSelectBase<"ppm_project_assets", { count: SQL<number>; }, "partial", Record<"ppm_project_assets", "not-null">, false, "where", { count: number; }[], { count: DrizzleTypeError<"You cannot reference this field without assigning it an alias first - use `.as(<alias>)`">; }>, "where">' is missing the following properties from type 'PgSelectBase<"ppm_project_assets", { count: SQL<number>; }, "partial", Record<"ppm_project_assets", "not-null">, false, never, { count: number; }[], { count: DrizzleTypeError<"You cannot reference this field without assigning it an alias first - use `.as(<alias>)`">; }>': config, joinsNotNullableMap, tableName, isPartialSelect, and 5 more.
server/modules/ppm/services/PpmService.ts(865,35): error TS2304: Cannot find name 'glCodeCombinations'.
server/modules/ppm/services/PpmService.ts(866,35): error TS2304: Cannot find name 'glCodeCombinations'.
server/modules/ppm/services/PpmService.ts(897,13): error TS2741: Property 'where' is missing in type 'Omit<import("/Users/mbjunaid/Library/CloudStorage/GoogleDrive-mbilaljunaid@gmail.com/My Drive/Online Projects/13. NexusAIFirst/nexusai-erp/node_modules/drizzle-orm/pg-core/query-builders/select").PgSelectBase<"ppm_cost_distributions", { id: import("/Users/mbjunaid/Library/CloudStorage/GoogleDrive-mbilaljunaid@gmail....' but required in type 'Omit<import("/Users/mbjunaid/Library/CloudStorage/GoogleDrive-mbilaljunaid@gmail.com/My Drive/Online Projects/13. NexusAIFirst/nexusai-erp/node_modules/drizzle-orm/pg-core/query-builders/select").PgSelectBase<"ppm_cost_distributions", { id: import("/Users/mbjunaid/Library/CloudStorage/GoogleDrive-mbilaljunaid@gmail....'.
server/modules/ppm/services/PpmService.ts(899,13): error TS2741: Property 'where' is missing in type 'Omit<import("/Users/mbjunaid/Library/CloudStorage/GoogleDrive-mbilaljunaid@gmail.com/My Drive/Online Projects/13. NexusAIFirst/nexusai-erp/node_modules/drizzle-orm/pg-core/query-builders/select").PgSelectBase<"ppm_cost_distributions", { id: import("/Users/mbjunaid/Library/CloudStorage/GoogleDrive-mbilaljunaid@gmail....' but required in type 'Omit<import("/Users/mbjunaid/Library/CloudStorage/GoogleDrive-mbilaljunaid@gmail.com/My Drive/Online Projects/13. NexusAIFirst/nexusai-erp/node_modules/drizzle-orm/pg-core/query-builders/select").PgSelectBase<"ppm_cost_distributions", { id: import("/Users/mbjunaid/Library/CloudStorage/GoogleDrive-mbilaljunaid@gmail....'.
server/modules/ppm/services/PpmService.ts(1005,48): error TS2339: Property 'referenceNumber' does not exist on type 'PgTableWithColumns<{ name: "inv_material_transactions"; schema: undefined; columns: { id: PgColumn<{ name: "id"; tableName: "inv_material_transactions"; dataType: "string"; columnType: "PgVarchar"; data: string; driverParam: string; ... 8 more ...; generated: undefined; }, {}, { ...; }>; ... 13 more ...; createdAt: ...'.
server/modules/revenue/revenue.controller.ts(65,47): error TS2345: Argument of type '{ customerName: PgColumn<{ name: "name"; tableName: "accounts"; dataType: "string"; columnType: "PgVarchar"; data: string; driverParam: string; notNull: true; hasDefault: false; isPrimaryKey: false; isAutoincrement: false; ... 4 more ...; generated: undefined; }, {}, { ...; }>; ... 20 more ...; enableRLS: () => Omit...' is not assignable to parameter of type 'SelectedFields'.
  Property '_' is incompatible with index signature.
    Type '{ readonly brand: "Table"; readonly config: { name: "revenue_contracts"; schema: undefined; columns: { id: PgColumn<{ name: "id"; tableName: "revenue_contracts"; dataType: "string"; columnType: "PgVarchar"; data: string; ... 9 more ...; generated: undefined; }, {}, { ...; }>; ... 12 more ...; createdAt: PgColumn<......' is not assignable to type 'SQL<unknown> | Aliased<unknown> | PgColumn<ColumnBaseConfig<ColumnDataType, string>, {}, {}> | PgTable<TableConfig> | SelectedFieldsFlat<...>'.
      Type '{ readonly brand: "Table"; readonly config: { name: "revenue_contracts"; schema: undefined; columns: { id: PgColumn<{ name: "id"; tableName: "revenue_contracts"; dataType: "string"; columnType: "PgVarchar"; data: string; ... 9 more ...; generated: undefined; }, {}, { ...; }>; ... 12 more ...; createdAt: PgColumn<......' is not assignable to type 'SelectedFieldsFlat<PgColumn<ColumnBaseConfig<ColumnDataType, string>, {}, {}>>'.
        Property 'brand' is incompatible with index signature.
          Type 'string' is not assignable to type 'SQL<unknown> | Aliased<unknown> | PgColumn<ColumnBaseConfig<ColumnDataType, string>, {}, {}>'.
server/modules/revenue/revenue.controller.ts(160,66): error TS2769: No overload matches this call.
  Overload 1 of 2, '(value: { sourceId: string | SQL<unknown> | Placeholder<string, any>; eventDate: SQL<unknown> | Date | Placeholder<string, any>; eventType: string | SQL<...> | Placeholder<...>; ... 12 more ...; processingStatus?: string | ... 3 more ... | undefined; }): PgInsertBase<...>', gave the following error.
    Object literal may only specify known properties, and 'customerId' does not exist in type '{ sourceId: string | SQL<unknown> | Placeholder<string, any>; eventDate: SQL<unknown> | Date | Placeholder<string, any>; eventType: string | SQL<...> | Placeholder<...>; ... 12 more ...; processingStatus?: string | ... 3 more ... | undefined; }'.
  Overload 2 of 2, '(values: { sourceId: string | SQL<unknown> | Placeholder<string, any>; eventDate: SQL<unknown> | Date | Placeholder<string, any>; eventType: string | SQL<...> | Placeholder<...>; ... 12 more ...; processingStatus?: string | ... 3 more ... | undefined; }[]): PgInsertBase<...>', gave the following error.
    Object literal may only specify known properties, and 'sourceSystem' does not exist in type '{ sourceId: string | SQL<unknown> | Placeholder<string, any>; eventDate: SQL<unknown> | Date | Placeholder<string, any>; eventType: string | SQL<...> | Placeholder<...>; ... 12 more ...; processingStatus?: string | ... 3 more ... | undefined; }[]'.
server/modules/revenue/revenue.controller.ts(194,43): error TS2339: Property 'customerId' does not exist on type '{ id: string; sourceSystem: string; sourceId: string; eventType: string; eventDate: Date; itemId: string | null; quantity: string | null; amount: string | null; currency: string | null; ... 6 more ...; createdAt: Date | null; }'.
server/modules/revenue/revenue.controller.ts(195,41): error TS2339: Property 'ledgerId' does not exist on type '{ id: string; sourceSystem: string; sourceId: string; eventType: string; eventDate: Date; itemId: string | null; quantity: string | null; amount: string | null; currency: string | null; ... 6 more ...; createdAt: Date | null; }'.
server/modules/revenue/revenue.controller.ts(199,25): error TS2322: Type 'string | null' is not assignable to type 'string | undefined'.
  Type 'null' is not assignable to type 'string | undefined'.
server/modules/revenue/revenue.controller.ts(200,25): error TS2322: Type 'string | null' is not assignable to type 'string | undefined'.
  Type 'null' is not assignable to type 'string | undefined'.
server/modules/revenue/revenue.controller.ts(201,25): error TS2322: Type 'string | null' is not assignable to type 'string | undefined'.
  Type 'null' is not assignable to type 'string | undefined'.
server/modules/revenue/revenue.controller.ts(259,43): error TS2345: Argument of type '{ itemName: PgColumn<{ name: "name"; tableName: "crm_products"; dataType: "string"; columnType: "PgVarchar"; data: string; driverParam: string; notNull: true; hasDefault: false; isPrimaryKey: false; isAutoincrement: false; ... 4 more ...; generated: undefined; }, {}, { ...; }>; ... 14 more ...; enableRLS: () => Omit...' is not assignable to parameter of type 'SelectedFields'.
  Property '_' is incompatible with index signature.
    Type '{ readonly brand: "Table"; readonly config: { name: "revenue_ssp_lines"; schema: undefined; columns: { id: PgColumn<{ name: "id"; tableName: "revenue_ssp_lines"; dataType: "string"; columnType: "PgVarchar"; data: string; ... 9 more ...; generated: undefined; }, {}, { ...; }>; ... 7 more ...; createdAt: PgColumn<...>...' is not assignable to type 'SQL<unknown> | Aliased<unknown> | PgColumn<ColumnBaseConfig<ColumnDataType, string>, {}, {}> | PgTable<TableConfig> | SelectedFieldsFlat<...>'.
      Type '{ readonly brand: "Table"; readonly config: { name: "revenue_ssp_lines"; schema: undefined; columns: { id: PgColumn<{ name: "id"; tableName: "revenue_ssp_lines"; dataType: "string"; columnType: "PgVarchar"; data: string; ... 9 more ...; generated: undefined; }, {}, { ...; }>; ... 7 more ...; createdAt: PgColumn<...>...' is not assignable to type 'SelectedFieldsFlat<PgColumn<ColumnBaseConfig<ColumnDataType, string>, {}, {}>>'.
        Property 'brand' is incompatible with index signature.
          Type 'string' is not assignable to type 'SQL<unknown> | Aliased<unknown> | PgColumn<ColumnBaseConfig<ColumnDataType, string>, {}, {}>'.
server/modules/revenue/revenue.controller.ts(424,34): error TS7034: Variable 'pobs' implicitly has type 'any[]' in some locations where its type cannot be determined.
server/modules/revenue/revenue.controller.ts(424,45): error TS7034: Variable 'recognitions' implicitly has type 'any[]' in some locations where its type cannot be determined.
server/modules/revenue/revenue.controller.ts(432,47): error TS7005: Variable 'pobs' implicitly has an 'any[]' type.
server/modules/revenue/revenue.controller.ts(432,53): error TS7005: Variable 'recognitions' implicitly has an 'any[]' type.
server/modules/revenue/services/RevenueRecognitionService.ts(3,10): error TS2724: '"@shared/schema"' has no exported member named 'revenueSchedules'. Did you mean 'arRevenueSchedules'?
server/modules/revenue/services/RevenueRecognitionService.ts(3,28): error TS2724: '"@shared/schema"' has no exported member named 'revenueScheduleLines'. Did you mean 'arRevenueSchedules'?
server/modules/revenue/services/RevenueRecognitionService.ts(3,50): error TS2724: '"@shared/schema"' has no exported member named 'revenueRules'. Did you mean 'arRevenueRules'?
server/modules/revenue/services/RevenueRecognitionService.ts(22,37): error TS2551: Property 'revenueRules' does not exist on type '{ readonly sessions: RelationalQueryBuilder<ExtractTablesWithRelations<typeof import("/Users/mbjunaid/Library/CloudStorage/GoogleDrive-mbilaljunaid@gmail.com/My Drive/Online Projects/13. NexusAIFirst/nexusai-erp/shared/schema")>, { ...; }>; ... 439 more ...; readonly contractDocuments: RelationalQueryBuilder<...>; }'. Did you mean 'arRevenueRules'?
server/modules/revenue/services/RevenueRecognitionService.ts(103,55): error TS2769: No overload matches this call.
  Overload 1 of 2, '(value: { journalNumber: string | SQL<unknown> | Placeholder<string, any>; id?: string | SQL<unknown> | Placeholder<string, any> | undefined; createdAt?: SQL<...> | Date | Placeholder<...> | null | undefined; ... 11 more ...; postedDate?: SQL<...> | ... 3 more ... | undefined; }): PgInsertBase<...>', gave the following error.
    Object literal may only specify known properties, and 'category' does not exist in type '{ journalNumber: string | SQL<unknown> | Placeholder<string, any>; id?: string | SQL<unknown> | Placeholder<string, any> | undefined; createdAt?: SQL<unknown> | Date | Placeholder<...> | null | undefined; ... 11 more ...; postedDate?: SQL<...> | ... 3 more ... | undefined; }'.
  Overload 2 of 2, '(values: { journalNumber: string | SQL<unknown> | Placeholder<string, any>; id?: string | SQL<unknown> | Placeholder<string, any> | undefined; createdAt?: SQL<...> | Date | Placeholder<...> | null | undefined; ... 11 more ...; postedDate?: SQL<...> | ... 3 more ... | undefined; }[]): PgInsertBase<...>', gave the following error.
    Object literal may only specify known properties, and 'journalNumber' does not exist in type '{ journalNumber: string | SQL<unknown> | Placeholder<string, any>; id?: string | SQL<unknown> | Placeholder<string, any> | undefined; createdAt?: SQL<unknown> | Date | Placeholder<...> | null | undefined; ... 11 more ...; postedDate?: SQL<...> | ... 3 more ... | undefined; }[]'.
server/modules/revenue/services/RevenueService.ts(9,30): error TS7016: Could not find a declaration file for module 'uuid'. '/Users/mbjunaid/Library/CloudStorage/GoogleDrive-mbilaljunaid@gmail.com/My Drive/Online Projects/13. NexusAIFirst/nexusai-erp/node_modules/uuid/dist/esm-browser/index.js' implicitly has an 'any' type.
  Try `npm i --save-dev @types/uuid` if it exists or add a new declaration (.d.ts) file containing `declare module 'uuid';`
server/modules/revenue/services/RevenueService.ts(572,25): error TS18048: 'period' is possibly 'undefined'.
server/modules/scm/procurementRoutes.ts(6,36): error TS2307: Cannot find module './ProcurementService' or its corresponding type declarations.
server/modules/scm/services/ProcurementService.ts(23,60): error TS2769: No overload matches this call.
  Overload 1 of 2, '(value: { lineNumber: number | SQL<unknown> | Placeholder<string, any>; amount: string | SQL<unknown> | Placeholder<string, any>; poHeaderId: string | SQL<unknown> | Placeholder<...>; ... 7 more ...; itemId?: string | ... 3 more ... | undefined; }): PgInsertBase<...>', gave the following error.
    Argument of type '{ poHeaderId: string; lineNumber: number; amount: number; unitPrice: number; quantity: number; id?: string | undefined; createdAt?: Date | null | undefined; description?: string | null | undefined; projectId?: string | undefined; taskId?: string | undefined; itemId?: string | ... 1 more ... | undefined; }[]' is not assignable to parameter of type '{ lineNumber: number | SQL<unknown> | Placeholder<string, any>; amount: string | SQL<unknown> | Placeholder<string, any>; poHeaderId: string | SQL<unknown> | Placeholder<...>; ... 7 more ...; itemId?: string | ... 3 more ... | undefined; }'.
      Type '{ poHeaderId: string; lineNumber: number; amount: number; unitPrice: number; quantity: number; id?: string | undefined; createdAt?: Date | null | undefined; description?: string | null | undefined; projectId?: string | undefined; taskId?: string | undefined; itemId?: string | ... 1 more ... | undefined; }[]' is missing the following properties from type '{ lineNumber: number | SQL<unknown> | Placeholder<string, any>; amount: string | SQL<unknown> | Placeholder<string, any>; poHeaderId: string | SQL<unknown> | Placeholder<...>; ... 7 more ...; itemId?: string | ... 3 more ... | undefined; }': lineNumber, amount, poHeaderId, unitPrice, quantity
  Overload 2 of 2, '(values: { lineNumber: number | SQL<unknown> | Placeholder<string, any>; amount: string | SQL<unknown> | Placeholder<string, any>; poHeaderId: string | SQL<unknown> | Placeholder<...>; ... 7 more ...; itemId?: string | ... 3 more ... | undefined; }[]): PgInsertBase<...>', gave the following error.
    Argument of type '{ poHeaderId: string; lineNumber: number; amount: number; unitPrice: number; quantity: number; id?: string | undefined; createdAt?: Date | null | undefined; description?: string | null | undefined; projectId?: string | undefined; taskId?: string | undefined; itemId?: string | ... 1 more ... | undefined; }[]' is not assignable to parameter of type '{ lineNumber: number | SQL<unknown> | Placeholder<string, any>; amount: string | SQL<unknown> | Placeholder<string, any>; poHeaderId: string | SQL<unknown> | Placeholder<...>; ... 7 more ...; itemId?: string | ... 3 more ... | undefined; }[]'.
      Type '{ poHeaderId: string; lineNumber: number; amount: number; unitPrice: number; quantity: number; id?: string | undefined; createdAt?: Date | null | undefined; description?: string | null | undefined; projectId?: string | undefined; taskId?: string | undefined; itemId?: string | ... 1 more ... | undefined; }' is not assignable to type '{ lineNumber: number | SQL<unknown> | Placeholder<string, any>; amount: string | SQL<unknown> | Placeholder<string, any>; poHeaderId: string | SQL<unknown> | Placeholder<...>; ... 7 more ...; itemId?: string | ... 3 more ... | undefined; }'.
        Types of property 'amount' are incompatible.
          Type 'number' is not assignable to type 'string | SQL<unknown> | Placeholder<string, any>'.
server/modules/scm/services/ProcurementService.ts(32,58): error TS2307: Cannot find module '../../services/ContractService' or its corresponding type declarations.
server/modules/scm/services/WmsService.ts(29,13): error TS2353: Object literal may only specify known properties, and 'details' does not exist in type '{ action: string; id?: string | undefined; createdAt?: Date | null | undefined; userId?: string | undefined; entityType?: string | undefined; entityId?: string | undefined; oldValue?: Record<...> | undefined; newValue?: Record<...> | undefined; ipAddress?: string | undefined; userAgent?: string | undefined; }'.
server/modules/scm/services/WmsService.ts(44,20): error TS2304: Cannot find name 'eq'.
server/modules/scm/services/WmsService.ts(51,20): error TS2552: Cannot find name 'inArray'. Did you mean 'Array'?
server/modules/scm/services/WmsService.ts(58,24): error TS2304: Cannot find name 'eq'.
server/modules/scm/services/WmsService.ts(97,24): error TS2304: Cannot find name 'eq'.
server/modules/scm/services/WmsService.ts(105,63): error TS2304: Cannot find name 'eq'.
server/modules/scm/services/WmsService.ts(115,18): error TS2304: Cannot find name 'eq'.
server/modules/scm/services/WmsService.ts(134,13): error TS2353: Object literal may only specify known properties, and 'details' does not exist in type '{ action: string; id?: string | undefined; createdAt?: Date | null | undefined; userId?: string | undefined; entityType?: string | undefined; entityId?: string | undefined; oldValue?: Record<...> | undefined; newValue?: Record<...> | undefined; ipAddress?: string | undefined; userAgent?: string | undefined; }'.
server/modules/scm/services/WmsService.ts(141,20): error TS2304: Cannot find name 'eq'.
server/modules/scm/services/WmsService.ts(152,20): error TS2304: Cannot find name 'eq'.
server/modules/scm/services/WmsService.ts(161,20): error TS2304: Cannot find name 'and'.
server/modules/scm/services/WmsService.ts(162,17): error TS2304: Cannot find name 'eq'.
server/modules/scm/services/WmsService.ts(163,17): error TS2304: Cannot find name 'eq'.
server/routes/ar.ts(376,38): error TS2367: This comparison appears to be unintentional because the types 'string' and 'number' have no overlap.
server/routes/contractPortal.ts(2,10): error TS2724: '"../services/ContractService"' has no exported member named 'contractService'. Did you mean 'ContractService'?
server/routes/finance.ts(104,84): error TS2554: Expected 2 arguments, but got 3.
server/routes/finance.ts(120,56): error TS2345: Argument of type 'string | undefined' is not assignable to parameter of type '{ status?: string | undefined; ledgerId?: string | undefined; search?: string | undefined; limit?: number | undefined; offset?: number | undefined; } | undefined'.
  Type 'string' is not assignable to type '{ status?: string | undefined; ledgerId?: string | undefined; search?: string | undefined; limit?: number | undefined; offset?: number | undefined; }'.
server/routes/finance.ts(164,63): error TS2345: Argument of type 'string | undefined' is not assignable to parameter of type 'string'.
  Type 'undefined' is not assignable to type 'string'.
server/routes/finance.ts(471,61): error TS2345: Argument of type '{ name: string; ledgerId: string; id?: string | undefined; isActive?: boolean | null | undefined; createdAt?: Date | null | undefined; taxId?: string | null | undefined; }' is not assignable to parameter of type '{ name: string; organizationId: string; registrationNumber?: string | undefined; ledgerId: string; }'.
  Property 'organizationId' is missing in type '{ name: string; ledgerId: string; id?: string | undefined; isActive?: boolean | null | undefined; createdAt?: Date | null | undefined; taxId?: string | null | undefined; }' but required in type '{ name: string; organizationId: string; registrationNumber?: string | undefined; ledgerId: string; }'.
server/routes/fixedAssets.ts(173,17): error TS2339: Property 'assets' does not exist on type 'typeof import("/Users/mbjunaid/Library/CloudStorage/GoogleDrive-mbilaljunaid@gmail.com/My Drive/Online Projects/13. NexusAIFirst/nexusai-erp/shared/schema")'.
server/routes/glRoutes.ts(77,7): error TS2353: Object literal may only specify known properties, and 'category' does not exist in type '{ currencyCode: string; journalNumber: string; id?: string | undefined; createdAt?: Date | null | undefined; status?: "Draft" | "Processing" | "Posted" | undefined; description?: string | undefined; ... 8 more ...; postedDate?: Date | ... 1 more ... | undefined; }'.
server/routes/glRoutes.ts(522,40): error TS2339: Property 'listBudgetControlRules' does not exist on type 'FinanceService'.
server/routes/glRoutes.ts(531,39): error TS2339: Property 'createBudgetControlRule' does not exist on type 'FinanceService'.
server/routes/glRoutes.ts(541,43): error TS2339: Property 'listBudgetBalances' does not exist on type 'FinanceService'.
server/routes/supplierPortalExternal.ts(304,37): error TS2339: Property 'currency' does not exist on type '{ id: string; orderNumber: string; supplierId: string | null; totalAmount: string | null; status: string | null; dueDate: Date | null; complianceStatus: string | null; complianceReason: string | null; createdAt: Date | null; }'.
server/routes/supplierPortalExternal.ts(305,37): error TS2339: Property 'currency' does not exist on type '{ id: string; orderNumber: string; supplierId: string | null; totalAmount: string | null; status: string | null; dueDate: Date | null; complianceStatus: string | null; complianceReason: string | null; createdAt: Date | null; }'.
server/scripts/verify_cash_enhancements.ts(30,9): error TS2322: Type 'number' is not assignable to type 'string'.
server/scripts/verify_cash_flow.ts(17,9): error TS2322: Type 'number' is not assignable to type 'string'.
server/scripts/verify_cash_flow.ts(80,9): error TS2322: Type 'number' is not assignable to type 'string'.
server/scripts/verify_cash_flow.ts(90,9): error TS2322: Type 'number' is not assignable to type 'string'.
server/scripts/verify_cash_flow.ts(101,9): error TS2322: Type 'number' is not assignable to type 'string'.
server/scripts/verify_fixed_assets.ts(3,10): error TS2305: Module '"../services/fixedAssets"' has no exported member 'fixedAssetsService'.
server/scripts/verify_fixed_assets.ts(4,10): error TS2724: '"@shared/schema"' has no exported member named 'InsertFaAddition'. Did you mean 'InsertFaMassAddition'?
server/scripts/verify_fixed_assets.ts(24,9): error TS2561: Object literal may only specify known properties, but 'bookTypeCode' does not exist in type 'Omit<{ description: string; ledgerId: string; bookCode: string; depreciationCalendar: string; id?: string | undefined; createdAt?: Date | null | undefined; status?: string | null | undefined; prorateCalendar?: string | ... 1 more ... | undefined; currentPeriodName?: string | ... 1 more ... | undefined; }, "assetId">'. Did you mean to write 'bookCode'?
server/scripts/verify_fixed_assets.ts(44,52): error TS2554: Expected 0 arguments, but got 1.
server/scripts/verify_fixed_assets.ts(45,47): error TS2551: Property 'bookTypeCode' does not exist on type '{ id: string; bookCode: string; description: string; ledgerId: string; depreciationCalendar: string; prorateCalendar: string | null; currentPeriodName: string | null; status: string | null; createdAt: Date | null; }'. Did you mean 'bookCode'?
server/scripts/verify_fixed_assets.ts(52,46): error TS2339: Property 'depreciationReserve' does not exist on type '{ id: string; bookCode: string; description: string; ledgerId: string; depreciationCalendar: string; prorateCalendar: string | null; currentPeriodName: string | null; status: string | null; createdAt: Date | null; }'.
server/services/agentic.ts(219,53): error TS2307: Cannot find module './PpmService' or its corresponding type declarations.
server/services/agentic.ts(243,91): error TS2304: Cannot find name 'eq'.
server/services/agentic.ts(265,71): error TS2307: Cannot find module './ManufacturingPlanningService' or its corresponding type declarations.
server/services/agentic.ts(271,41): error TS7006: Parameter 'r' implicitly has an 'any' type.
server/services/agentic.ts(276,44): error TS7006: Parameter 'p' implicitly has an 'any' type.
server/services/agentic.ts(277,192): error TS7006: Parameter 'p' implicitly has an 'any' type.
server/services/ai.ts(497,60): error TS2339: Property 'codeString' does not exist on type '{ id: string; code: string; enabledFlag: boolean | null; ledgerId: string; accountType: string | null; startDateActive: Date | null; endDateActive: Date | null; segment1: string | null; ... 9 more ...; summaryFlag: boolean | null; }'.
server/services/ai.ts(548,61): error TS2339: Property 'getCustomerBalance' does not exist on type 'ArService'.
server/services/ai.ts(553,46): error TS2339: Property 'creditHold' does not exist on type '{ id: string; name: string; createdAt: Date | null; status: string | null; taxId: string | null; address: string | null; contactEmail: string | null; customerType: string | null; parentCustomerId: string | null; }'.
server/services/ai.ts(585,111): error TS2339: Property 'assetsProcessed' does not exist on type '{ success: boolean; status: string; message: string; }'.
server/services/ap.ts(303,25): error TS2769: No overload matches this call.
  Overload 1 of 3, '(left: PgColumn<{ name: "group_id"; tableName: "ap_wht_rates"; dataType: "number"; columnType: "PgInteger"; data: number; driverParam: string | number; notNull: true; hasDefault: false; isPrimaryKey: false; ... 5 more ...; generated: undefined; }, {}, {}>, right: number | SQLWrapper): SQL<...>', gave the following error.
    Argument of type 'string' is not assignable to parameter of type 'number | SQLWrapper'.
  Overload 2 of 3, '(left: Aliased<string>, right: string | SQLWrapper): SQL<unknown>', gave the following error.
    Argument of type 'PgColumn<{ name: "group_id"; tableName: "ap_wht_rates"; dataType: "number"; columnType: "PgInteger"; data: number; driverParam: string | number; notNull: true; hasDefault: false; isPrimaryKey: false; ... 5 more ...; generated: undefined; }, {}, {}>' is not assignable to parameter of type 'Aliased<string>'.
      Type 'PgColumn<{ name: "group_id"; tableName: "ap_wht_rates"; dataType: "number"; columnType: "PgInteger"; data: number; driverParam: string | number; notNull: true; hasDefault: false; isPrimaryKey: false; ... 5 more ...; generated: undefined; }, {}, {}>' is missing the following properties from type 'Aliased<string>': sql, fieldAlias
  Overload 3 of 3, '(left: never, right: unknown): SQL<unknown>', gave the following error.
    Argument of type 'PgColumn<{ name: "group_id"; tableName: "ap_wht_rates"; dataType: "number"; columnType: "PgInteger"; data: number; driverParam: string | number; notNull: true; hasDefault: false; isPrimaryKey: false; ... 5 more ...; generated: undefined; }, {}, {}>' is not assignable to parameter of type 'never'.
server/services/ApprovalService.ts(2,20): error TS2307: Cannot find module '../../db' or its corresponding type declarations.
server/services/ApprovalService.ts(22,21): error TS7006: Parameter 'quotes' implicitly has an 'any' type.
server/services/ApprovalService.ts(22,31): error TS7031: Binding element 'eq' implicitly has an 'any' type.
server/services/ApprovalService.ts(36,21): error TS7006: Parameter 'items' implicitly has an 'any' type.
server/services/ApprovalService.ts(36,30): error TS7031: Binding element 'eq' implicitly has an 'any' type.
server/services/ar.ts(555,9): error TS2304: Cannot find name 'CreditScoreWorker'.
server/services/ar.ts(555,59): error TS7006: Parameter 'err' implicitly has an 'any' type.
server/services/ar.ts(606,53): error TS2554: Expected 0 arguments, but got 1.
server/services/ar.ts(735,69): error TS2554: Expected 0 arguments, but got 1.
server/services/CarrierRatingService.ts(4,10): error TS2305: Module '"../../shared/schema/transportation"' has no exported member 'InsertTlCarrier'.
server/services/cash-revaluation.service.ts(72,44): error TS18048: 'result.foreignBalance' is possibly 'undefined'.
server/services/cash-revaluation.service.ts(73,47): error TS18048: 'result.foreignBalance' is possibly 'undefined'.
server/services/cash-revaluation.service.ts(73,71): error TS18048: 'result.historicalRate' is possibly 'undefined'.
server/services/cash-revaluation.service.ts(97,29): error TS18048: 'result.currentRate' is possibly 'undefined'.
server/services/cash-revaluation.service.ts(98,27): error TS18048: 'usedRate' is possibly 'undefined'.
server/services/ConstructionService.ts(518,31): error TS2339: Property 'ledgerId' does not exist on type '{ id: string; contractId: string; applicationNumber: number; periodStart: Date; periodEnd: Date; status: string | null; isLocked: boolean | null; totalCompleted: string | null; ... 9 more ...; createdAt: Date | null; }'.
server/services/ContractService.ts(17,13): error TS2353: Object literal may only specify known properties, and 'details' does not exist in type '{ action: string; id?: string | undefined; createdAt?: Date | null | undefined; userId?: string | undefined; entityType?: string | undefined; entityId?: string | undefined; oldValue?: Record<...> | undefined; newValue?: Record<...> | undefined; ipAddress?: string | undefined; userAgent?: string | undefined; }'.
server/services/ContractService.ts(27,66): error TS2769: No overload matches this call.
  Overload 1 of 2, '(value: { title: string | SQL<unknown> | Placeholder<string, any>; supplierId: string | SQL<unknown> | Placeholder<string, any>; contractNumber: string | SQL<...> | Placeholder<...>; ... 9 more ...; pdfFilePath?: string | ... 3 more ... | undefined; }): PgInsertBase<...>', gave the following error.
    Object literal may only specify known properties, and 'type' does not exist in type '{ title: string | SQL<unknown> | Placeholder<string, any>; supplierId: string | SQL<unknown> | Placeholder<string, any>; contractNumber: string | SQL<unknown> | Placeholder<...>; ... 9 more ...; pdfFilePath?: string | ... 3 more ... | undefined; }'.
  Overload 2 of 2, '(values: { title: string | SQL<unknown> | Placeholder<string, any>; supplierId: string | SQL<unknown> | Placeholder<string, any>; contractNumber: string | SQL<...> | Placeholder<...>; ... 9 more ...; pdfFilePath?: string | ... 3 more ... | undefined; }[]): PgInsertBase<...>', gave the following error.
    Object literal may only specify known properties, and 'supplierId' does not exist in type '{ title: string | SQL<unknown> | Placeholder<string, any>; supplierId: string | SQL<unknown> | Placeholder<string, any>; contractNumber: string | SQL<unknown> | Placeholder<...>; ... 9 more ...; pdfFilePath?: string | ... 3 more ... | undefined; }[]'.
server/services/ContractService.ts(160,17): error TS2353: Object literal may only specify known properties, and 'updatedAt' does not exist in type '{ title?: string | SQL<unknown> | PgColumn<ColumnBaseConfig<ColumnDataType, string>, {}, {}> | undefined; supplierId?: string | SQL<...> | PgColumn<...> | undefined; ... 10 more ...; pdfFilePath?: string | ... 3 more ... | undefined; }'.
server/services/finance.ts(12,5): error TS2305: Module '"@shared/schema"' has no exported member 'glRecurringJournals'.
server/services/finance.ts(12,26): error TS2724: '"@shared/schema"' has no exported member named 'insertGlRecurringJournalSchema'. Did you mean 'insertGlJournalSchema'?
server/services/finance.ts(721,19): error TS2339: Property 'enabledFlag' does not exist on type '{ id: string; name: string; description: string | null; ledgerId: string; poolAccountFilter: string; basisAccountFilter: string; targetAccountPattern: string; offsetAccount: string; enabled: boolean | null; createdAt: Date | null; }'.
server/services/finance.ts(2195,53): error TS2769: No overload matches this call.
  Overload 1 of 2, '(value: { name: string | SQL<unknown> | Placeholder<string, any>; id?: string | SQL<unknown> | Placeholder<string, any> | undefined; isActive?: boolean | SQL<unknown> | Placeholder<...> | null | undefined; ... 5 more ...; ledgerCategory?: string | ... 3 more ... | undefined; }): PgInsertBase<...>', gave the following error.
    Object literal may only specify known properties, and 'currency' does not exist in type '{ name: string | SQL<unknown> | Placeholder<string, any>; id?: string | SQL<unknown> | Placeholder<string, any> | undefined; isActive?: boolean | SQL<unknown> | Placeholder<...> | null | undefined; ... 5 more ...; ledgerCategory?: string | ... 3 more ... | undefined; }'.
  Overload 2 of 2, '(values: { name: string | SQL<unknown> | Placeholder<string, any>; id?: string | SQL<unknown> | Placeholder<string, any> | undefined; isActive?: boolean | SQL<unknown> | Placeholder<...> | null | undefined; ... 5 more ...; ledgerCategory?: string | ... 3 more ... | undefined; }[]): PgInsertBase<...>', gave the following error.
    Object literal may only specify known properties, and 'name' does not exist in type '{ name: string | SQL<unknown> | Placeholder<string, any>; id?: string | SQL<unknown> | Placeholder<string, any> | undefined; isActive?: boolean | SQL<unknown> | Placeholder<...> | null | undefined; ... 5 more ...; ledgerCategory?: string | ... 3 more ... | undefined; }[]'.
server/services/finance.ts(2503,23): error TS2339: Property 'totalDebit' does not exist on type '{ id: string; journalNumber: string; ledgerId: string; batchId: string | null; periodId: string | null; description: string | null; currencyCode: string; source: string | null; status: string | null; ... 5 more ...; createdAt: Date | null; }'.
server/services/fixedAssets.ts(188,53): error TS2339: Property 'dbRate' does not exist on type '{ id: string; assetId: string; assetNumber: string; categoryId: string; originalCost: string; recoverableCost: string; lifeYears: number; lifeMonths: number | null; method: string; }'.
server/services/fixedAssets.ts(195,50): error TS2339: Property 'dbRate' does not exist on type '{ id: string; assetId: string; assetNumber: string; categoryId: string; originalCost: string; recoverableCost: string; lifeYears: number; lifeMonths: number | null; method: string; }'.
server/services/fixedAssets.ts(197,54): error TS2339: Property 'totalUnits' does not exist on type '{ id: string; assetId: string; assetNumber: string; categoryId: string; originalCost: string; recoverableCost: string; lifeYears: number; lifeMonths: number | null; method: string; }'.
server/services/fixedAssets.ts(203,50): error TS2339: Property 'totalUnits' does not exist on type '{ id: string; assetId: string; assetNumber: string; categoryId: string; originalCost: string; recoverableCost: string; lifeYears: number; lifeMonths: number | null; method: string; }'.
server/services/fixedAssets.ts(293,30): error TS2339: Property 'periodName' does not exist on type '{ bookId: string; retirementDate: Date; proceeds: number; removalCost: number; }'.
server/services/fixedAssets.ts(312,30): error TS2339: Property 'periodName' does not exist on type '{ bookId: string; retirementDate: Date; proceeds: number; removalCost: number; }'.
server/services/FreightAccountingService.ts(68,60): error TS2345: Argument of type '{ ledgerId: string; source: string; category: string; currencyCode: string; description: string; status: "Draft"; periodId: undefined; }' is not assignable to parameter of type '{ currencyCode: string; journalNumber: string; id?: string | undefined; createdAt?: Date | null | undefined; status?: "Draft" | "Processing" | "Posted" | undefined; description?: string | undefined; ... 8 more ...; postedDate?: Date | ... 1 more ... | undefined; }'.
  Property 'journalNumber' is missing in type '{ ledgerId: string; source: string; category: string; currencyCode: string; description: string; status: "Draft"; periodId: undefined; }' but required in type '{ currencyCode: string; journalNumber: string; id?: string | undefined; createdAt?: Date | null | undefined; status?: "Draft" | "Processing" | "Posted" | undefined; description?: string | undefined; ... 8 more ...; postedDate?: Date | ... 1 more ... | undefined; }'.
server/services/FreightSettlementService.ts(4,10): error TS2724: '"../../shared/schema/transportation"' has no exported member named 'InsertTlFreightCharge'. Did you mean 'TlFreightCharge'?
server/services/LeadService.ts(136,18): error TS2339: Property 'linkedinUrl' does not exist on type 'Partial<{ id: string; name: string; createdAt: Date | null; status: string | null; email: string | null; firstName: string | null; lastName: string; updatedAt: Date | null; description: string | null; ... 22 more ...; convertedOpportunityId: string | null; }>'.
server/services/PartnerService.ts(22,13): error TS2353: Object literal may only specify known properties, and 'details' does not exist in type '{ action: string; id?: string | undefined; createdAt?: Date | null | undefined; userId?: string | undefined; entityType?: string | undefined; entityId?: string | undefined; oldValue?: Record<...> | undefined; newValue?: Record<...> | undefined; ipAddress?: string | undefined; userAgent?: string | undefined; }'.
server/services/TLOptimizationService.ts(4,10): error TS2305: Module '"../../shared/schema/transportation"' has no exported member 'InsertTlShipment'.
server/services/TLOptimizationService.ts(145,62): error TS2769: No overload matches this call.
  Overload 1 of 3, '(left: PgColumn<{ name: "id"; tableName: "tl_lanes"; dataType: "string"; columnType: "PgVarchar"; data: string; driverParam: string; notNull: true; hasDefault: true; isPrimaryKey: true; isAutoincrement: false; ... 4 more ...; generated: undefined; }, {}, { ...; }>, right: string | SQLWrapper): SQL<...>', gave the following error.
    Argument of type 'string | null' is not assignable to parameter of type 'string | SQLWrapper'.
      Type 'null' is not assignable to type 'string | SQLWrapper'.
  Overload 2 of 3, '(left: Aliased<string | null>, right: string | SQLWrapper | null): SQL<unknown>', gave the following error.
    Argument of type 'PgColumn<{ name: "id"; tableName: "tl_lanes"; dataType: "string"; columnType: "PgVarchar"; data: string; driverParam: string; notNull: true; hasDefault: true; isPrimaryKey: true; isAutoincrement: false; ... 4 more ...; generated: undefined; }, {}, { ...; }>' is not assignable to parameter of type 'Aliased<string | null>'.
      Type 'PgColumn<{ name: "id"; tableName: "tl_lanes"; dataType: "string"; columnType: "PgVarchar"; data: string; driverParam: string; notNull: true; hasDefault: true; isPrimaryKey: true; isAutoincrement: false; ... 4 more ...; generated: undefined; }, {}, { ...; }>' is missing the following properties from type 'Aliased<string | null>': sql, fieldAlias
  Overload 3 of 3, '(left: never, right: unknown): SQL<unknown>', gave the following error.
    Argument of type 'PgColumn<{ name: "id"; tableName: "tl_lanes"; dataType: "string"; columnType: "PgVarchar"; data: string; driverParam: string; notNull: true; hasDefault: true; isPrimaryKey: true; isAutoincrement: false; ... 4 more ...; generated: undefined; }, {}, { ...; }>' is not assignable to parameter of type 'never'.
server/services/TreasuryService.ts(7,8): error TS2724: '"@shared/schema"' has no exported member named 'InsertTreasuryCounterparty'. Did you mean 'TreasuryCounterparty'?
server/services/TreasuryService.ts(7,41): error TS2724: '"@shared/schema"' has no exported member named 'InsertTreasuryDeal'. Did you mean 'TreasuryDeal'?
server/services/TreasuryService.ts(8,8): error TS2724: '"@shared/schema"' has no exported member named 'InsertTreasuryFxDeal'. Did you mean 'TreasuryFxDeal'?
server/services/TreasuryService.ts(8,56): error TS2724: '"@shared/schema"' has no exported member named 'InsertTreasuryMarketRate'. Did you mean 'TreasuryMarketRate'?
server/services/TreasuryService.ts(8,87): error TS2724: '"@shared/schema"' has no exported member named 'InsertTreasuryRiskLimit'. Did you mean 'TreasuryRiskLimit'?
server/services/TreasuryService.ts(233,9): error TS2353: Object literal may only specify known properties, and 'updatedAt' does not exist in type '{ dealNumber?: string | SQL<unknown> | PgColumn<ColumnBaseConfig<ColumnDataType, string>, {}, {}> | undefined; counterpartyId?: string | ... 2 more ... | undefined; ... 6 more ...; backOfficeUserId?: string | ... 3 more ... | undefined; }'.
server/services/TreasuryService.ts(249,9): error TS2353: Object literal may only specify known properties, and 'updatedAt' does not exist in type '{ dealNumber?: string | SQL<unknown> | PgColumn<ColumnBaseConfig<ColumnDataType, string>, {}, {}> | undefined; counterpartyId?: string | ... 2 more ... | undefined; ... 6 more ...; backOfficeUserId?: string | ... 3 more ... | undefined; }'.
server/services/TreasuryService.ts(406,35): error TS2304: Cannot find name 'TreasuryRiskLimit'.
server/services/WmsService.ts(30,13): error TS2353: Object literal may only specify known properties, and 'details' does not exist in type '{ action: string; id?: string | undefined; createdAt?: Date | null | undefined; userId?: string | undefined; entityType?: string | undefined; entityId?: string | undefined; oldValue?: Record<...> | undefined; newValue?: Record<...> | undefined; ipAddress?: string | undefined; userAgent?: string | undefined; }'.
server/services/WmsService.ts(135,13): error TS2353: Object literal may only specify known properties, and 'details' does not exist in type '{ action: string; id?: string | undefined; createdAt?: Date | null | undefined; userId?: string | undefined; entityType?: string | undefined; entityId?: string | undefined; oldValue?: Record<...> | undefined; newValue?: Record<...> | undefined; ipAddress?: string | undefined; userAgent?: string | undefined; }'.
server/services/WmsService.ts(142,20): error TS2769: No overload matches this call.
  Overload 1 of 3, '(left: PgColumn<{ name: "id"; tableName: "om_order_lines"; dataType: "string"; columnType: "PgVarchar"; data: string; driverParam: string; notNull: true; hasDefault: true; isPrimaryKey: true; isAutoincrement: false; ... 4 more ...; generated: undefined; }, {}, { ...; }>, right: string | SQLWrapper): SQL<...>', gave the following error.
    Argument of type 'string | null' is not assignable to parameter of type 'string | SQLWrapper'.
      Type 'null' is not assignable to type 'string | SQLWrapper'.
  Overload 2 of 3, '(left: Aliased<string | null>, right: string | SQLWrapper | null): SQL<unknown>', gave the following error.
    Argument of type 'PgColumn<{ name: "id"; tableName: "om_order_lines"; dataType: "string"; columnType: "PgVarchar"; data: string; driverParam: string; notNull: true; hasDefault: true; isPrimaryKey: true; isAutoincrement: false; ... 4 more ...; generated: undefined; }, {}, { ...; }>' is not assignable to parameter of type 'Aliased<string | null>'.
      Type 'PgColumn<{ name: "id"; tableName: "om_order_lines"; dataType: "string"; columnType: "PgVarchar"; data: string; driverParam: string; notNull: true; hasDefault: true; isPrimaryKey: true; isAutoincrement: false; ... 4 more ...; generated: undefined; }, {}, { ...; }>' is missing the following properties from type 'Aliased<string | null>': sql, fieldAlias
  Overload 3 of 3, '(left: never, right: unknown): SQL<unknown>', gave the following error.
    Argument of type 'PgColumn<{ name: "id"; tableName: "om_order_lines"; dataType: "string"; columnType: "PgVarchar"; data: string; driverParam: string; notNull: true; hasDefault: true; isPrimaryKey: true; isAutoincrement: false; ... 4 more ...; generated: undefined; }, {}, { ...; }>' is not assignable to parameter of type 'never'.
server/storage.ts(96,3): error TS2305: Module '"@shared/schema"' has no exported member 'glRecurringJournals'.
server/storage.ts(96,29): error TS2305: Module '"@shared/schema"' has no exported member 'GlRecurringJournal'.
server/storage.ts(96,54): error TS2305: Module '"@shared/schema"' has no exported member 'InsertGlRecurringJournal'.
server/storage.ts(1230,9): error TS2393: Duplicate function implementation.
server/storage.ts(1234,9): error TS2393: Duplicate function implementation.
server/storage.ts(1238,9): error TS2393: Duplicate function implementation.
server/storage.ts(1244,9): error TS2393: Duplicate function implementation.
server/storage.ts(1249,9): error TS2393: Duplicate function implementation.
server/storage.ts(1250,65): error TS2339: Property 'reportDefinitionId' does not exist on type 'PgTableWithColumns<{ name: "gl_fsg_rows"; schema: undefined; columns: { id: PgColumn<{ name: "id"; tableName: "gl_fsg_rows"; dataType: "string"; columnType: "PgVarchar"; data: string; driverParam: string; notNull: true; ... 7 more ...; generated: undefined; }, {}, { ...; }>; ... 10 more ...; createdAt: PgColumn<...>...'.
server/storage.ts(1250,121): error TS2339: Property 'sequence' does not exist on type 'PgTableWithColumns<{ name: "gl_fsg_rows"; schema: undefined; columns: { id: PgColumn<{ name: "id"; tableName: "gl_fsg_rows"; dataType: "string"; columnType: "PgVarchar"; data: string; driverParam: string; notNull: true; ... 7 more ...; generated: undefined; }, {}, { ...; }>; ... 10 more ...; createdAt: PgColumn<...>...'.
server/storage.ts(1253,9): error TS2393: Duplicate function implementation.
server/storage.ts(1258,9): error TS2393: Duplicate function implementation.
server/storage.ts(1259,71): error TS2339: Property 'reportDefinitionId' does not exist on type 'PgTableWithColumns<{ name: "gl_fsg_cols"; schema: undefined; columns: { id: PgColumn<{ name: "id"; tableName: "gl_fsg_cols"; dataType: "string"; columnType: "PgVarchar"; data: string; driverParam: string; notNull: true; ... 7 more ...; generated: undefined; }, {}, { ...; }>; ... 6 more ...; createdAt: PgColumn<...>;...'.
server/storage.ts(1259,130): error TS2339: Property 'sequence' does not exist on type 'PgTableWithColumns<{ name: "gl_fsg_cols"; schema: undefined; columns: { id: PgColumn<{ name: "id"; tableName: "gl_fsg_cols"; dataType: "string"; columnType: "PgVarchar"; data: string; driverParam: string; notNull: true; ... 7 more ...; generated: undefined; }, {}, { ...; }>; ... 6 more ...; createdAt: PgColumn<...>;...'.
server/storage.ts(1974,9): error TS2393: Duplicate function implementation.
server/storage.ts(1975,9): error TS2393: Duplicate function implementation.
server/storage.ts(1976,9): error TS2393: Duplicate function implementation.
server/storage.ts(1978,9): error TS2393: Duplicate function implementation.
server/storage.ts(1979,9): error TS2393: Duplicate function implementation.
server/storage.ts(1979,105): error TS2339: Property 'reportDefinitionId' does not exist on type '{ id: string; createdAt: Date | null; description: string; rowSetId: string; rowNumber: number; rowType: string; accountFilterMin: string | null; accountFilterMax: string | null; segmentFilter: unknown; calculationFormula: string | null; indentLevel: number | null; inverseSign: boolean | null; }'.
server/storage.ts(1979,160): error TS2339: Property 'sequence' does not exist on type '{ id: string; createdAt: Date | null; description: string; rowSetId: string; rowNumber: number; rowType: string; accountFilterMin: string | null; accountFilterMax: string | null; segmentFilter: unknown; calculationFormula: string | null; indentLevel: number | null; inverseSign: boolean | null; }'.
server/storage.ts(1979,180): error TS2339: Property 'sequence' does not exist on type '{ id: string; createdAt: Date | null; description: string; rowSetId: string; rowNumber: number; rowType: string; accountFilterMin: string | null; accountFilterMax: string | null; segmentFilter: unknown; calculationFormula: string | null; indentLevel: number | null; inverseSign: boolean | null; }'.
server/storage.ts(1981,9): error TS2393: Duplicate function implementation.
server/storage.ts(1982,9): error TS2393: Duplicate function implementation.
server/storage.ts(1982,111): error TS2339: Property 'reportDefinitionId' does not exist on type '{ id: string; createdAt: Date | null; columnSetId: string; columnNumber: number; columnHeader: string; amountType: string | null; currencyType: string | null; periodOffset: number | null; }'.
server/storage.ts(1982,166): error TS2339: Property 'sequence' does not exist on type '{ id: string; createdAt: Date | null; columnSetId: string; columnNumber: number; columnHeader: string; amountType: string | null; currencyType: string | null; periodOffset: number | null; }'.
server/storage.ts(1982,186): error TS2339: Property 'sequence' does not exist on type '{ id: string; createdAt: Date | null; columnSetId: string; columnNumber: number; columnHeader: string; amountType: string | null; currencyType: string | null; periodOffset: number | null; }'.
